repo	registry	pushed	PUBLISH_READY	notes
A2A-native-notebookLM	pypi	2026-08-31	True	name=open-notebook v=1.9.0
ACE-Step-1.5	npm	2026-09-03	False	name=None v=None private=True
ACE-Step-1.5	pypi	2026-09-03	True	name=ace-step v=1.5.0
AgentCompute	pypi	2026-08-29	True	name=agentcompute v=0.1.0
AgentGossip	npm	2026-09-02	True	name=agentgossip v=0.1.0 private=False
BMAD-METHOD	npm	2026-06-08	True	name=bmad-method v=6.8.0 private=False
Baton	pypi	2026-07-13	True	name=baton-handoff v=0.2.0
CCC	pypi	2026-07-12	True	name=ccc v=0.1.0
Central-Error-Manager	pypi	2026-06-08	True	name=central-error-manager v=0.1.0
ChainForgeLegend-Quilt	npm	2026-09-15	False	name=chainforgelegend v=1.0.0 private=True
CognitiveEngine	npm	2026-09-25	False	name=@superinstance/cognitive-engine v=1.0.0 private=True
CrashPilot	crates.io	2026-07-13	False	name=crashpilot license=None desc=NO
DMLog-AI	npm	2026-06-13	False	name=None v=None private=False
DeckBoss	npm	2026-06-08	False	name=deckboss v=0.1.0 private=True
Edge-Native	pypi	2026-08-21	True	name=nexus v=0.1.0
Equipment-CellLogic-Distiller	crates.io	2026-06-13	True	name=equipment-celllogic-distiller license=MIT OR Apache-2.0 desc=yes
Equipment-CellLogic-Distiller	npm	2026-06-13	True	name=@superinstance/equipment-cell-logic-distiller v=1.0.0 private=False
Equipment-Consensus-Engine	npm	2026-08-14	True	name=@superinstance/equipment-consensus-engine v=1.0.1 private=False
Equipment-NLP-Explainer	crates.io	2026-06-13	True	name=equipment-nlp-explainer license=MIT OR Apache-2.0 desc=yes
Equipment-NLP-Explainer	npm	2026-06-13	True	name=@superinstance/equipment-nlp-explainer v=1.0.0 private=False
F5-TTS	pypi	2026-09-21	True	name=f5-tts v=1.1.22
FastGen4quilt	pypi	2026-08-21	False	name=None v=None
Full-stack-Free-Movie-Streaming-Website	npm	2026-09-03	False	name=weflix v=0.0.0 private=True
Graphite	crates.io	2026-06-08	False	name=None license=None desc=NO
JetsonClaw1-vessel	crates.io	2026-06-13	True	name=jetsonclaw1-vessel license=MIT OR Apache-2.0 desc=yes
MCPMempool-quilt	npm	2026-09-15	True	name=mcpmempool v=1.0.0 private=False
MerkleMesh	npm	2026-08-31	True	name=merklemesh v=0.1.0 private=False
Motifcode4quilt	npm	2026-09-22	False	name=motifcode v=0.3.3 private=True
Murmur	npm	2026-08-13	False	name=murmur v=1.0.0 private=True
Mycelium	crates.io	2026-06-13	True	name=mycelium license=MIT OR Apache-2.0 desc=yes
NEXAH	pypi	2026-06-08	True	name=nexah v=0.5.0
OpenConstruct	crates.io	2026-09-22	False	name=None license=None desc=NO
OpenConstruct	pypi	2026-09-22	True	name=cocapn-openshell v=None
OpenEnv	pypi	2026-06-13	True	name=openenv v=0.3.2.dev0
OpenMAIC	npm	2026-07-12	False	name=openmaic v=0.1.0 private=True
OpenRoom	npm	2026-08-19	False	name=openroom v=0.1.0 private=True
PersonalLog	npm	2026-09-18	False	name=personallog v=1.0.0 private=True
PersonalLog	pypi	2026-09-18	True	name=personal-log v=0.1.0
RTSnavigator	npm	2026-08-24	False	name=gods-eye-view v=0.1.0 private=True
Scrapcraft	npm	2026-09-20	False	name=scrapcraft v=0.2.0 private=True
SmartCRDT	npm	2026-09-21	False	name=smartcrdt v=1.0.0 private=True
SmartCRDT	pypi	2026-09-21	True	name=smartcrdt v=1.0.0
Spreader-tool	pypi	2026-08-26	True	name=spreader-tool v=0.1.0
Spreadsheet-ai	crates.io	2026-09-16	True	name=spreadsheet-ai license=MIT OR Apache-2.0 desc=yes
SubForge	pypi	2026-07-12	True	name=subforge v=0.1.0
SuperInstance	npm	2026-09-26	True	name=@superinstance/schemas v=1.0.0 private=False
SuperInstance	pypi	2026-09-26	True	name=superinstance v=0.1.1
SuperInstance-Starter-Agent	crates.io	2026-06-12	True	name=superinstance-starter-agent license=MIT OR Apache-2.0 desc=yes
SuperInstance-Starter-Agent	npm	2026-06-12	True	name=superinstance-starter-agent v=1.0.0 private=False
SuperInstance-papers	crates.io	2026-09-26	True	name=superinstance-papers license=MIT OR Apache-2.0 desc=yes
SuperInstance-papers	npm	2026-09-26	True	name=polln v=0.1.0 private=False
Understand-Anything	npm	2026-06-06	False	name=understand-anything v=None private=True
UniRL	pypi	2026-09-22	True	name=unirl v=None
ViMax	pypi	2026-06-09	True	name=autolongvideogeneration v=1.1.0
ZkCanvas	npm	2026-08-26	True	name=zkcanvas v=1.0.0 private=False
a2a-adapter	pypi	2026-08-21	True	name=a2a-adapter v=0.1.0
a2a-constraint-protocol	npm	2026-06-08	True	name=a2a-constraint-protocol v=1.0.0 private=False
a2a-protocol	npm	2026-07-12	True	name=@superinstance/a2a-protocol v=1.0.0 private=False
a2a-protocol	pypi	2026-07-12	True	name=a2a-protocol v=1.0.0
a2a-r-protocol	pypi	2026-07-12	True	name=a2a-r-protocol v=0.1.0
a2a-signal-chain	crates.io	2026-07-12	True	name=a2a-signal-chain license=MIT desc=yes
a2ui	pypi	2026-07-21	True	name=a2ui v=0.1.0
a2ui-cave-wall	crates.io	2026-07-12	True	name=a2ui-cave-wall license=MIT desc=yes
a2ui-components	crates.io	2026-07-12	True	name=a2ui-components license=MIT desc=yes
a2ui-protocol	crates.io	2026-07-12	True	name=a2ui-protocol license=MIT OR Apache-2.0 desc=yes
a2ui-render	crates.io	2026-07-12	True	name=a2ui-render license=MIT desc=yes
ab-testing	pypi	2026-07-12	True	name=ab-testing v=0.1.0
able-bodied-crew	pypi	2026-07-21	True	name=si-deckhand v=0.1.0
abstraction-planes	pypi	2026-08-21	True	name=abstraction-planes v=0.1.0
active-inference	crates.io	2026-07-12	True	name=active-inference license=MIT desc=yes
active-probe	pypi	2026-08-26	True	name=active-probe v=0.1.0
activeledger-agent	pypi	2026-08-21	True	name=activeledger-agent v=0.2.1
activeledger-ai	npm	2026-07-12	False	name=activeledger-ai v=1.0.0 private=True
activelog-agent	pypi	2026-08-31	True	name=activelog-agent v=0.3.0
activelog-ai	npm	2026-07-18	True	name=activelog-ai v=0.1.0 private=False
activelog-ai-pages	pypi	2026-08-21	True	name=activelog-pages v=0.1.0
activelog-backend	pypi	2026-08-21	True	name=activelog-backend v=0.2.0
actualization-harbor	pypi	2026-08-23	True	name=actualization-harbor v=0.2.0
actualizer-ai	pypi	2026-07-12	True	name=actualizer-ai v=0.1.0
adaptive-plato-early-version	pypi	2026-08-21	True	name=adaptive-plato v=0.1.0
adinkra-math-npm	npm	2026-07-12	True	name=adinkra-math v=1.0.0 private=False
adinkra-math-pypi	pypi	2026-09-01	True	name=adinkra-math v=0.1.0
adjunction	crates.io	2026-07-12	True	name=adjunction license=MIT OR Apache-2.0 desc=yes
adversarial-red-team	pypi	2026-07-12	True	name=adversarial-red-team v=0.1.0
aesop-mcp	pypi	2026-07-12	True	name=aesop-mcp v=0.2.0
agent-anacrusis	crates.io	2026-06-11	True	name=agent-anacrusis license=MIT desc=yes
agent-audience	crates.io	2026-06-11	True	name=agent-audience license=MIT desc=yes
agent-cadence-progress	crates.io	2026-06-11	True	name=agent-cadence-progress license=MIT desc=yes
agent-call-response	crates.io	2026-06-11	True	name=agent-call-response license=MIT desc=yes
agent-choir	crates.io	2026-06-11	True	name=agent-choir license=MIT desc=yes
agent-contrapuntal	crates.io	2026-06-11	True	name=agent-contrapuntal license=MIT desc=yes
agent-counterpoint	crates.io	2026-06-11	True	name=agent-counterpoint license=MIT desc=yes
agent-dna	pypi	2026-07-12	True	name=agent-dna v=0.1.0
agent-dream-cycle	crates.io	2026-06-13	True	name=agent-dream-cycle license=MIT OR Apache-2.0 desc=yes
agent-ensemble	crates.io	2026-06-11	True	name=agent-ensemble license=MIT desc=yes
agent-fermata	crates.io	2026-06-11	True	name=agent-fermata license=MIT OR Apache-2.0 desc=yes
agent-field	npm	2026-08-21	True	name=@superinstance/agent-field v=0.1.0 private=False
agent-field	pypi	2026-08-21	True	name=agent-field v=0.2.0
agent-forge	npm	2026-06-08	True	name=agent-forge v=1.0.0 private=False
agent-generations	pypi	2026-06-08	True	name=agent-generations v=0.1.0
agent-grid	npm	2026-07-12	True	name=@luciddreamer/agent-grid v=1.0.0 private=False
agent-grid	pypi	2026-07-12	True	name=agent-grid v=0.1.0
agent-groove	crates.io	2026-06-11	True	name=agent-groove license=MIT desc=yes
agent-harmonic-field	crates.io	2026-06-11	True	name=agent-harmonic-field license=MIT OR Apache-2.0 desc=yes
agent-harness-generator	crates.io	2026-07-12	False	name=None license=None desc=NO
agent-harness-generator	npm	2026-07-12	False	name=agent-harness-generator v=0.1.0 private=True
agent-homeostasis	crates.io	2026-06-11	True	name=agent-homeostasis license=MIT desc=yes
agent-homeostasis-rs	crates.io	2026-07-12	True	name=agent-homeostasis-rs license=MIT desc=yes
agent-intonation	crates.io	2026-06-11	True	name=agent-intonation license=MIT desc=yes
agent-jam	crates.io	2026-06-11	True	name=agent-jam license=MIT desc=yes
agent-knowledge	crates.io	2026-06-11	True	name=agent-knowledge license=MIT OR Apache-2.0 desc=yes
agent-manifest	pypi	2026-07-12	True	name=agent-manifest v=0.1.0
agent-manifold	crates.io	2026-07-12	True	name=agent-manifold license=MIT desc=yes
agent-metamorphosis	crates.io	2026-06-11	True	name=agent-metamorphosis license=MIT OR Apache-2.0 desc=yes
agent-microexpressions	pypi	2026-06-08	True	name=agent-microexpressions v=0.1.0
agent-microtone	crates.io	2026-06-11	True	name=agent-microtone license=MIT OR Apache-2.0 desc=yes
agent-motif	crates.io	2026-06-11	True	name=agent-motif license=MIT OR Apache-2.0 desc=yes
agent-orchestration	crates.io	2026-07-13	True	name=agent-orchestration license=MIT OR Apache-2.0 desc=yes
agent-overtone	crates.io	2026-06-13	True	name=agent-overtone license=MIT OR Apache-2.0 desc=yes
agent-personal-space	pypi	2026-06-08	True	name=agent-personal-space v=0.1.0
agent-phase-change	crates.io	2026-06-11	True	name=agent-phase-change license=MIT OR Apache-2.0 desc=yes
agent-phrasing	crates.io	2026-06-11	True	name=agent-phrasing license=MIT desc=yes
agent-polyrhythm	crates.io	2026-06-11	True	name=agent-polyrhythm license=MIT OR Apache-2.0 desc=yes
agent-resonance	crates.io	2026-06-11	True	name=agent-resonance license=MIT OR Apache-2.0 desc=yes
agent-resume	pypi	2026-07-12	True	name=agent-resume v=0.1.0
agent-rhythm-rs	crates.io	2026-07-12	True	name=agent-rhythm license=MIT desc=yes
agent-riff	crates.io	2026-06-11	True	name=agent-riff license=MIT desc=yes
agent-riff-v2	crates.io	2026-06-11	True	name=agent-riff-v2 license=MIT OR Apache-2.0 desc=yes
agent-riff-v3	crates.io	2026-06-11	True	name=agent-riff-v3 license=MIT OR Apache-2.0 desc=yes
agent-riff-v4	crates.io	2026-06-11	True	name=agent-riff-v4 license=MIT OR Apache-2.0 desc=yes
agent-rubato	crates.io	2026-06-13	True	name=agent-rubato license=MIT OR Apache-2.0 desc=yes
agent-self-rivalry	crates.io	2026-06-11	True	name=agent-self-rivalry license=MIT OR Apache-2.0 desc=yes
agent-semiosis	crates.io	2026-06-11	True	name=agent-semiosis license=MIT OR Apache-2.0 desc=yes
agent-speciation	crates.io	2026-06-11	True	name=agent-speciation license=MIT OR Apache-2.0 desc=yes
agent-staccato-legato	crates.io	2026-06-11	True	name=agent-staccato-legato license=MIT OR Apache-2.0 desc=yes
agent-swing	crates.io	2026-06-11	True	name=agent-swing license=MIT OR Apache-2.0 desc=yes
agent-sync	crates.io	2026-06-11	True	name=agent-sync license=MIT desc=yes
agent-tattoo	pypi	2026-06-08	True	name=agent-tattoo v=0.1.0
agent-ternary-gate	crates.io	2026-06-11	True	name=agent-ternary-gate license=MIT OR Apache-2.0 desc=yes
agent-therapy	pypi	2026-06-08	True	name=agent-therapy v=0.1.0
agent-to-agent	crates.io	2026-07-12	True	name=agent-to-agent license=MIT OR Apache-2.0 desc=yes
agent-transcription	crates.io	2026-06-13	True	name=agent-transcription license=MIT OR Apache-2.0 desc=yes
agent-venue	crates.io	2026-06-11	True	name=agent-venue license=MIT OR Apache-2.0 desc=yes
agent-vocabulary	pypi	2026-07-12	True	name=agent-vocabulary v=0.1.0
agent-voice-leading	crates.io	2026-06-11	True	name=agent-voice-leading license=MIT desc=yes
agent-whisper	pypi	2026-07-12	True	name=agent-whisper v=0.1.0
agentic-compiler	pypi	2026-06-11	True	name=agentic-compiler v=0.1.0
agentmark	npm	2026-06-08	False	name=agentmark-monorepo v=None private=True
agents-platform	npm	2026-06-08	True	name=agents-platform v=1.0.0 private=False
aho-corasick-rs	crates.io	2026-06-09	True	name=aho-corasick-rs license=MIT desc=yes
ai-pasture	crates.io	2026-06-13	True	name=ai-pasture license=MIT desc=yes
ai-ranch	npm	2026-07-12	False	name=ai-ranch v=0.3.0 private=True
ai-smart-notifications-archive	npm	2026-09-20	True	name=@superinstance/ai-smart-notifications v=0.1.0 private=False
aider	pypi	2026-06-08	True	name=aider-chat v=None
algebraic-geometry	crates.io	2026-07-12	True	name=algebraic-geometry license=MIT OR Apache-2.0 desc=yes
algtop-rs	crates.io	2026-07-12	True	name=algtop-rs license=MIT OR Apache-2.0 desc=yes
amd-bf16-tools	crates.io	2026-06-11	True	name=amd-bf16-tools license=MIT OR Apache-2.0 desc=yes
analog-spectral	crates.io	2026-06-09	True	name=analog-spectral license=MIT desc=yes
ant-colony	crates.io	2026-07-12	True	name=ant-colony license=MIT desc=yes
api-gateway	crates.io	2026-07-12	True	name=api-gateway license=MIT OR Apache-2.0 desc=yes
api-gateway-1	pypi	2026-07-12	True	name=api-gateway v=1.0.0
api-versioner	pypi	2026-06-08	True	name=api-versioner v=1.0.0
approximation-theory	crates.io	2026-07-12	True	name=approximation-theory license=MIT OR Apache-2.0 desc=yes
arithmetic-code	crates.io	2026-07-12	True	name=arithmetic-code license=MIT desc=yes
arm-neon-eisenstein-bench	crates.io	2026-07-12	False	name=arm-neon-eisenstein-bench license=MIT desc=NO
ast-builder	crates.io	2026-07-12	True	name=ast-builder license=MIT desc=yes
astro	npm	2026-06-08	False	name=root v=0.0.0 private=True
async-gpu-dispatch	crates.io	2026-06-13	True	name=async-gpu-dispatch license=Apache-2.0 desc=yes
attention-economy	crates.io	2026-07-12	True	name=attention-economy license=MIT desc=yes
auction-theory	crates.io	2026-07-12	True	name=auction-theory license=MIT desc=yes
auto-changelog	crates.io	2026-06-10	True	name=auto-changelog license=MIT desc=yes
autoclaw	pypi	2026-09-22	True	name=autoresearch v=0.1.0
avl-tree-rs	crates.io	2026-06-09	True	name=avl-tree-rs license=MIT desc=yes
avoidance-cascade	crates.io	2026-06-13	True	name=avoidance-cascade license=MIT desc=yes
avoidance-cascade-python	pypi	2026-06-13	True	name=avoidance-cascade v=0.1.0
axum	crates.io	2026-06-08	False	name=None license=None desc=NO
b-tree	crates.io	2026-07-12	True	name=b-tree license=MIT desc=yes
b-tree-rs	crates.io	2026-06-09	True	name=b-tree-rs license=MIT desc=yes
baml	npm	2026-06-08	False	name=@baml/root v=None private=True
band-agent-rs	crates.io	2026-06-08	True	name=band-agent-rs license=MIT desc=yes
band-ensemble-rs	crates.io	2026-06-08	True	name=band-ensemble-rs license=MIT desc=yes
band-midi-rs	crates.io	2026-06-08	True	name=band-midi-rs license=MIT desc=yes
band-protocol-rs	crates.io	2026-06-08	True	name=band-protocol-rs license=MIT desc=yes
band-tminus-rs	crates.io	2026-06-08	True	name=band-tminus-rs license=MIT desc=yes
base60-lattice	npm	2026-08-21	True	name=base60-lattice v=1.0.0 private=False
baton-orchestrator	pypi	2026-08-13	True	name=symphony-kimi v=0.1.0
baton-protocol	pypi	2026-07-20	True	name=baton-protocol v=0.1.0
baton-router	npm	2026-07-12	True	name=baton-router v=1.0.0 private=False
batten-spline	pypi	2026-08-17	True	name=batten-spline v=0.1.0
bayesian-game	crates.io	2026-07-12	True	name=bayesian-game license=MIT OR Apache-2.0 desc=yes
bayesian-update	crates.io	2026-07-12	True	name=bayesian-update license=MIT desc=yes
become-ai	pypi	2026-06-08	True	name=become-ai v=0.1.0
belief-revision	crates.io	2026-07-12	True	name=belief-revision license=MIT desc=yes
bench-compare	crates.io	2026-06-13	True	name=bench-compare license=MIT desc=yes
beta-test-alex	crates.io	2026-06-13	True	name=beta-test-alex license=MIT OR Apache-2.0 desc=yes
beta-test-elena	crates.io	2026-06-11	True	name=beta-test-elena license=MIT OR Apache-2.0 desc=yes
betti-curve	crates.io	2026-07-12	True	name=betti-curve license=MIT desc=yes
bezier-curve	crates.io	2026-07-12	True	name=bezier-curve license=MIT desc=yes
bid-engine	pypi	2026-06-08	True	name=bid-engine v=0.1.0
bigint-rs	crates.io	2026-07-12	True	name=bigint-rs license=MIT OR Apache-2.0 desc=yes
bloom-filter-rs	crates.io	2026-07-12	True	name=bloom-filter-rs license=MIT OR Apache-2.0 desc=yes
boltzmann-agent	crates.io	2026-06-08	True	name=boltzmann-agent license=MIT desc=yes
bootstrap-spark	pypi	2026-07-12	True	name=bootstrap-spark v=1.0.0
bounded-model	crates.io	2026-07-12	True	name=bounded-model license=MIT desc=yes
braid-group-rs	crates.io	2026-07-12	True	name=braid-group-rs license=MIT OR Apache-2.0 desc=yes
branch-bound	crates.io	2026-07-12	True	name=branch-bound license=MIT desc=yes
branch-sandbox	pypi	2026-06-08	True	name=branch-sandbox v=0.1.0
breed-registry	pypi	2026-07-21	True	name=breed-registry v=1.0.3
bregman-divergence	crates.io	2026-07-12	True	name=bregman-divergence license=MIT OR Apache-2.0 desc=yes
bsp-tree	crates.io	2026-07-12	True	name=bsp-tree license=MIT OR Apache-2.0 desc=yes
build-guardian	npm	2026-07-13	True	name=@superinstance/build-guardian v=0.2.0 private=False
bun	crates.io	2026-06-08	False	name=None license=None desc=NO
bun	npm	2026-06-08	False	name=bun v=1.4.0 private=True
businesslog-agent	pypi	2026-07-12	True	name=businesslog-agent v=0.2.0
businesslog-ai	pypi	2026-07-12	True	name=businesslog-ai v=0.1.0
bwt-compress	crates.io	2026-07-12	True	name=bwt-compress license=MIT desc=yes
caas-api	pypi	2026-07-12	True	name=caas-api v=0.1.0
cache-layer-optimizer	crates.io	2026-06-08	True	name=cache-layer-optimizer license=MIT desc=yes
cache-layer-optimizer	pypi	2026-06-08	True	name=cache-layer-optimizer v=0.1.0
caching-service	pypi	2026-06-08	True	name=caching-service v=1.0.0
caching-service-rs	crates.io	2026-06-08	True	name=caching-service license=MIT desc=yes
candor	npm	2026-09-22	False	name=candor v=0.0.1 private=True
canon-claim	npm	2026-09-20	True	name=@superinstance/canon-claim v=0.1.0 private=False
canon-graph	npm	2026-09-20	True	name=@superinstance/canon-graph v=0.1.0 private=False
canon-hash	npm	2026-09-20	True	name=@superinstance/canon-hash v=0.1.0 private=False
canon-paper	npm	2026-09-20	True	name=@superinstance/canon-paper-gh v=0.1.2 private=False
canon-recs	npm	2026-09-20	True	name=@superinstance/canon-recs v=0.1.0 private=False
canon-suite	npm	2026-09-20	True	name=@superinstance/canon-suite v=0.1.0 private=False
capability-spec-rs	crates.io	2026-06-08	True	name=capability-spec license=MIT desc=yes
capitaine-1	npm	2026-07-12	True	name=capitaine v=0.1.0 private=False
capitaine-agent	pypi	2026-07-12	True	name=capitaine-agent v=0.2.0
capitaine-ai	pypi	2026-06-08	True	name=capitaine-ai v=0.1.0
captain	pypi	2026-08-07	True	name=captain v=0.1.0
cargo-line-tycoon-substrate-ts	npm	2026-09-22	True	name=@superinstance/cargo-line-tycoon-substrate v=0.1.0 private=False
carry-protocol	pypi	2026-07-13	True	name=carry-protocol v=1.0.0
cartographer	pypi	2026-07-21	True	name=si-cartographer v=0.1.0
cartridge-agent	pypi	2026-06-08	True	name=cartridge-agent v=0.1.0
cartridge-mcp	npm	2026-06-08	True	name=cartridge-mcp v=0.1.0 private=False
casting-call	pypi	2026-08-24	True	name=casting-call v=0.1.0
casting-call-gpu	pypi	2026-07-12	True	name=casting-call-gpu v=0.3.0
casting-call-mcp	npm	2026-07-12	True	name=casting-call-mcp v=0.1.0 private=False
casting-call-mcp	pypi	2026-07-12	True	name=casting-call-mcp v=0.2.0
categorical-agents	crates.io	2026-07-12	True	name=categorical-agents license=MIT desc=yes
categorical-agents-rs	crates.io	2026-07-12	True	name=categorical-agents-rs license=MIT desc=yes
categorical-coordination	crates.io	2026-07-12	True	name=categorical-coordination license=MIT desc=yes
cathedral-probe	crates.io	2026-07-12	True	name=cathedral-probe license=MIT desc=yes
causal-graph	pypi	2026-06-08	True	name=causal-graph v=0.2.0
causal-graph-rs	crates.io	2026-07-12	True	name=causal-graph license=MIT desc=yes
ccc-os	pypi	2026-09-20	True	name=ccc-os v=2.0.0
cech-complex	crates.io	2026-07-12	True	name=cech-complex license=MIT desc=yes
cell-cascade	npm	2026-08-26	False	name=cell-cascade v=0.2.0 private=True
cell-doctrine	npm	2026-09-22	True	name=@superinstance/cell-doctrine v=0.1.0 private=False
cellforge	pypi	2026-09-24	True	name=cellforge v=0.1.0
cellular-automata-agent	crates.io	2026-07-12	True	name=cellular-automata-agent license=MIT desc=yes
cellular-automata-rs	crates.io	2026-07-12	True	name=cellular-automata-rs license=MIT OR Apache-2.0 desc=yes
cfd-rs	crates.io	2026-07-12	True	name=cfd-sim license=MIT OR Apache-2.0 desc=yes
cfg-construct	crates.io	2026-07-12	True	name=cfg-construct license=MIT desc=yes
cg-from-scratch	crates.io	2026-07-12	True	name=cg-from-scratch license=MIT OR Apache-2.0 desc=yes
channel-capacity	crates.io	2026-07-12	True	name=channel-capacity license=MIT desc=yes
chaos-rs	crates.io	2026-07-12	True	name=chaos-rs license=MIT OR Apache-2.0 desc=yes
character-arc	crates.io	2026-06-13	True	name=character-arc license=MIT OR Apache-2.0 desc=yes
character-build	crates.io	2026-06-11	True	name=character-build license=MIT OR Apache-2.0 desc=yes
character-class	crates.io	2026-06-13	True	name=character-class license=MIT OR Apache-2.0 desc=yes
character-encounter	crates.io	2026-06-11	True	name=character-encounter license=MIT OR Apache-2.0 desc=yes
character-sheet	crates.io	2026-06-11	True	name=character-sheet license=MIT OR Apache-2.0 desc=yes
chart-room	pypi	2026-07-17	True	name=si-chartroom v=0.1.0
chart-system	pypi	2026-07-13	True	name=chart-system v=0.1.0
chern-classes	crates.io	2026-07-12	True	name=chern-classes license=MIT desc=yes
chess-dojo-v2	pypi	2026-07-12	True	name=chess-dojo v=0.2.0
chess-engine	crates.io	2026-07-12	True	name=vdmo license=MIT desc=yes
chroma	crates.io	2026-06-08	False	name=None license=None desc=NO
chroma	pypi	2026-06-08	True	name=chromadb v=None
chronicle-engine	crates.io	2026-07-12	False	name=chronicle-engine license=MIT desc=NO
cicd-agent	pypi	2026-06-08	True	name=cicd-agent v=0.2.0
circuit-breaker-rs	crates.io	2026-07-12	True	name=circuit-breaker-rs license=MIT OR Apache-2.0 desc=yes
clark-agent	crates.io	2026-06-08	True	name=clark-agent license=Apache-2.0 desc=yes
claw	npm	2026-08-24	True	name=openclaw v=2026.3.14 private=False
claw	pypi	2026-08-24	False	name=None v=None
claw-extensions	crates.io	2026-08-08	True	name=claw-extensions license=MIT desc=yes
clawcanvas	pypi	2026-06-08	True	name=clawcanvas v=0.1.0
clawcommit-lucid	pypi	2026-07-12	True	name=clawcommit-lucid v=0.1.0
clockwork-schedule	crates.io	2026-07-12	True	name=clockwork-schedule license=MIT desc=yes
cluster-orchestrator	crates.io	2026-06-08	True	name=cluster-orchestrator license=MIT desc=yes
cmidi-conservation	crates.io	2026-06-08	True	name=cmidi-conservation license=MIT desc=yes
cmidi-core	crates.io	2026-06-08	True	name=cmidi-core license=MIT desc=yes
cns-bridge	pypi	2026-08-21	True	name=cns-bridge v=0.2.0
cns-echo	pypi	2026-08-24	True	name=cns-echo v=0.1.0
cns-monitor	pypi	2026-08-19	True	name=cns-monitor v=0.1.0
cns-substrate	pypi	2026-09-22	True	name=cns-bridge v=0.2.0
co-captain-git-agent	pypi	2026-06-08	True	name=co-captain-git-agent v=0.1.0
coalition-game	crates.io	2026-07-12	True	name=coalition-game license=MIT desc=yes
cocapn	pypi	2026-06-13	True	name=cocapn v=0.1.0
cocapn-benchmark	pypi	2026-07-12	True	name=cocapn-benchmark v=0.1.0
cocapn-browser-agent	npm	2026-07-13	True	name=@cocapn/cocapn-browser-agent v=0.1.0 private=False
cocapn-chat	npm	2026-07-12	True	name=cocapn-chat v=1.0.0 private=False
cocapn-cli	crates.io	2026-07-13	True	name=cocapn-cli license=MIT OR Apache-2.0 desc=yes
cocapn-colora	pypi	2026-06-08	True	name=cocapn-colora v=0.2.0
cocapn-com	pypi	2026-06-08	True	name=cocapn-com v=0.1.0
cocapn-compound	pypi	2026-07-12	True	name=cocapn-compound v=0.1.0
cocapn-core	crates.io	2026-07-12	True	name=cocapn-core license=MIT desc=yes
cocapn-curriculum	pypi	2026-07-12	True	name=cocapn-curriculum v=3.0.0
cocapn-dashboard	npm	2026-08-21	True	name=cocapn-dashboard v=1.0.0 private=False
cocapn-escalation	crates.io	2026-07-12	False	name=cocapn-escalation license=MIT desc=NO
cocapn-explain	pypi	2026-06-08	True	name=cocapn-explain v=0.2.0
cocapn-explain-rs	crates.io	2026-06-08	True	name=cocapn-explain license=MIT desc=yes
cocapn-fleet-ultimate	npm	2026-07-12	True	name=cocapn-fleet-ultimate v=0.1.0 private=False
cocapn-fleet-ultimate	pypi	2026-07-12	True	name=cocapn-fleet v=0.1.0
cocapn-glue-core	crates.io	2026-07-13	True	name=cocapn-glue-core license=MIT desc=yes
cocapn-glue-core	pypi	2026-07-13	True	name=cocapn-glue-core v=1.0.0
cocapn-health	pypi	2026-09-22	True	name=cocapn-health v=2.0.0
cocapn-health-rs	crates.io	2026-06-08	True	name=cocapn-health license=MIT desc=yes
cocapn-identity	pypi	2026-06-08	True	name=cocapn-identity v=0.1.0
cocapn-lessons	pypi	2026-07-12	True	name=cocapn-lessons v=3.1.0
cocapn-marine	crates.io	2026-07-12	True	name=cocapn-marine license=MIT desc=yes
cocapn-oneiros	pypi	2026-06-08	True	name=cocapn-oneiros v=0.2.0
cocapn-pipeline	pypi	2026-06-08	True	name=cocapn-pipeline v=0.1.0
cocapn-plato	pypi	2026-09-22	True	name=cocapn-plato v=3.2.0
cocapn-protocol	pypi	2026-06-08	True	name=cocapn-protocol v=0.1.0
cocapn-pushdown	crates.io	2026-07-13	False	name=cocapn-pushdown license=MIT desc=NO
cocapn-py	pypi	2026-07-12	True	name=cocapn v=1.0.0
cocapn-python	pypi	2026-07-12	True	name=cocapn v=0.1.0
cocapn-sdk	npm	2026-07-12	True	name=cocapn v=1.0.0 private=False
cocapn-shells	pypi	2026-07-12	True	name=cocapn-shells v=3.0.0
cocapn-telemetry	pypi	2026-06-08	True	name=cocapn-telemetry v=0.1.0
cocapn-training	pypi	2026-06-08	True	name=cocapn-training v=0.1.0
cocapn-traps	pypi	2026-07-12	True	name=cocapn-traps v=1.0.0
cocapn-tutor	pypi	2026-07-12	True	name=cocapn-tutor v=3.0.0
cocapn-wasm	crates.io	2026-07-13	True	name=cocapn-wasm license=MIT desc=yes
code-city	npm	2026-09-22	True	name=code-city v=2.0.0 private=False
code-conservation	npm	2026-07-12	True	name=code-conservation v=1.0.0 private=False
codex	npm	2026-06-08	False	name=codex-monorepo v=None private=True
codex-budget-guard	crates.io	2026-07-12	True	name=codex-budget-guard license=MIT desc=yes
coding-3d	npm	2026-09-19	False	name=formation-coding-pro-3d v=0.0.0 private=True
cognitive-archaeology	crates.io	2026-07-12	True	name=cognitive-archaeology license=MIT desc=yes
cohomology-ring	crates.io	2026-07-12	True	name=cohomology-ring license=MIT desc=yes
collective-unconscious	npm	2026-08-22	True	name=collective-unconscious v=1.0.0 private=False
collision-detect	crates.io	2026-07-12	True	name=collision-detect license=MIT OR Apache-2.0 desc=yes
color-space	crates.io	2026-07-12	True	name=color-space license=MIT desc=yes
combinatorics	crates.io	2026-07-12	True	name=combinatorics-rs license=MIT OR Apache-2.0 desc=yes
commit-predictor	npm	2026-06-08	True	name=@superinstance/commit-predictor v=0.1.0 private=False
commit-predictor	pypi	2026-06-08	True	name=commit-predictor v=0.1.0
commitment-scheme	crates.io	2026-07-12	True	name=si-commitment-scheme license=MIT OR Apache-2.0 desc=yes
compaction-teacher	pypi	2026-08-22	True	name=compaction-teacher v=1.0.0
compass-rose	crates.io	2026-07-12	True	name=compass-rose license=MIT desc=yes
complex-rs	crates.io	2026-07-12	True	name=complex-rs license=MIT OR Apache-2.0 desc=yes
composite-headspace	npm	2026-06-08	True	name=@superinstance/composite-headspace v=0.1.0 private=False
compress-bwt-rs	crates.io	2026-07-12	True	name=compress-bwt-rs license=MIT OR Apache-2.0 desc=yes
compress-huffman-rs	crates.io	2026-07-12	True	name=compress-huffman-rs license=MIT OR Apache-2.0 desc=yes
compress-lz77-rs	crates.io	2026-07-12	True	name=compress-lz77-rs license=MIT OR Apache-2.0 desc=yes
compress-rle-rs	crates.io	2026-07-12	True	name=compress-rle-rs license=MIT OR Apache-2.0 desc=yes
compress-trie-rs	crates.io	2026-07-12	True	name=compress-trie-rs license=MIT OR Apache-2.0 desc=yes
compression-algorithms	crates.io	2026-07-12	True	name=compression-algorithms license=MIT OR Apache-2.0 desc=yes
concrete-token-demo	crates.io	2026-07-12	True	name=concrete-token-demo license=Apache-2.0 desc=yes
confidence-cascade	npm	2026-08-21	True	name=@superinstance/confidence-cascade v=1.0.0 private=False
conformance-service	npm	2026-07-17	True	name=conformance-service v=0.1.0 private=False
congestion-control	crates.io	2026-07-12	True	name=congestion-control license=MIT OR Apache-2.0 desc=yes
connection-pool-rs	crates.io	2026-07-12	True	name=connection-pool-rs license=MIT OR Apache-2.0 desc=yes
consensus-protocol	crates.io	2026-07-12	True	name=consensus-protocol license=MIT desc=yes
consensus-raft	crates.io	2026-07-12	True	name=consensus-raft license=MIT desc=yes
conservation-anomaly	pypi	2026-07-12	True	name=conservation-anomaly v=0.1.0
conservation-art	pypi	2026-07-13	False	name=None v=None
conservation-checker	crates.io	2026-06-08	True	name=conservation-checker license=MIT desc=yes
conservation-cli	crates.io	2026-07-13	True	name=si-conservation license=MIT desc=yes
conservation-compiler	crates.io	2026-06-13	True	name=conservation-compiler license=Apache-2.0 desc=yes
conservation-composer	crates.io	2026-06-09	True	name=conservation-composer license=MIT desc=yes
conservation-enforcer	pypi	2026-07-20	True	name=conservation-enforcer v=0.2.5
conservation-enforcer-rs	crates.io	2026-08-20	True	name=conservation-enforcer-rs license=MIT OR Apache-2.0 desc=yes
conservation-guardian	pypi	2026-07-13	True	name=conservation-guardian v=0.2.0
conservation-law	crates.io	2026-06-11	True	name=conservation-law license=MIT desc=yes
conservation-law-rs	crates.io	2026-07-13	True	name=conservation-law license=MIT OR Apache-2.0 desc=yes
conservation-law-v2	crates.io	2026-07-12	True	name=conservation-law-v2 license=MIT desc=yes
conservation-lint	crates.io	2026-06-09	True	name=conservation-lint license=MIT desc=yes
conservation-matrix-rs	crates.io	2026-07-13	True	name=conservation-matrix license=MIT desc=yes
conservation-music	crates.io	2026-07-12	True	name=conservation-music license=MIT desc=yes
conservation-protocol	crates.io	2026-06-08	True	name=conservation-protocol license=MIT desc=yes
conservation-rhythm-rs	crates.io	2026-07-13	True	name=conservation-rhythm-rs license=MIT desc=yes
conservation-sheaf-flow-rs	crates.io	2026-07-12	False	name=conservation-sheaf-flow license=MIT desc=NO
conservation-spectral-core	crates.io	2026-07-12	True	name=conservation-spectral-core license=MIT desc=yes
conservation-spectral-js	npm	2026-07-12	True	name=conservation-spectral v=0.1.0 private=False
conservation-spectral-python	pypi	2026-07-12	True	name=conservation-spectral v=0.1.0
conservation-spectral-topology	crates.io	2026-07-12	True	name=conservation-spectral-topology license=MIT desc=yes
conservation-spectral-topology-rs	crates.io	2026-06-13	True	name=conservation-spectral-topology license=MIT OR Apache-2.0 desc=yes
conservation-spectral-v2	crates.io	2026-07-12	True	name=conservation-spectral-v2 license=MIT desc=yes
conservation-verify	crates.io	2026-06-13	True	name=conservation-verify license=MIT desc=yes
constellation-map	crates.io	2026-07-12	True	name=constellation-map license=MIT desc=yes
constraint-audio	crates.io	2026-07-12	True	name=constraint-audio license=MIT OR Apache-2.0 desc=yes
constraint-audio	pypi	2026-07-12	True	name=constraint-audio v=0.1.0
constraint-crdt	crates.io	2026-07-12	True	name=constraint-crdt license=MIT desc=yes
constraint-dsl	pypi	2026-07-12	True	name=constraint-dsl v=0.1.0
constraint-dynamics	crates.io	2026-06-11	True	name=constraint-dynamics license=MIT desc=yes
constraint-dynamics-rs	crates.io	2026-07-12	True	name=constraint-dynamics-rs license=MIT desc=yes
constraint-hamiltonian	crates.io	2026-07-07	False	name=constraint-hamiltonian license=None desc=yes
constraint-inference	npm	2026-07-12	True	name=constraint-inference v=0.2.0 private=False
constraint-instrument	pypi	2026-07-12	True	name=constraint-instrument v=0.1.0
constraint-mcp-server	pypi	2026-07-12	True	name=constraint-mcp-server v=0.1.0
constraint-mux	crates.io	2026-07-12	True	name=constraint-mux license=MIT desc=yes
constraint-physics	crates.io	2026-07-12	True	name=constraint-physics license=MIT desc=yes
constraint-playground	crates.io	2026-07-12	True	name=constraint-playground license=MIT OR Apache-2.0 desc=yes
constraint-schedule	crates.io	2026-07-07	True	name=constraint-schedule license=MIT desc=yes
constraint-solver-viz	pypi	2026-07-12	True	name=constraint-solver-viz v=0.1.0
constraint-synth	pypi	2026-07-12	True	name=constraint-synth v=0.6.0
constraint-theory-core	crates.io	2026-09-20	True	name=constraint-theory-core license=MIT desc=yes
constraint-theory-core-cuda	crates.io	2026-07-12	True	name=constraint-theory-core-cuda license=Apache-2.0 desc=yes
constraint-theory-py	pypi	2026-08-21	True	name=constraint-theory v=0.3.0
constraint-theory-rust-python	crates.io	2026-07-12	True	name=flux-constraint license=Apache-2.0 desc=yes
constraint-theory-rust-python	pypi	2026-07-12	True	name=flux-constraint v=0.1.0
constraint-theory-web	npm	2026-06-08	True	name=constraint-theory-web v=1.0.0 private=False
constraint-tminus-bridge	npm	2026-07-12	True	name=@superinstance/constraint-tminus-bridge v=1.0.0 private=False
constraint-toolkit	pypi	2026-07-12	True	name=constraint-toolkit v=0.1.0
constraint-viz	pypi	2026-07-12	True	name=constraint-viz v=0.1.0
construct	crates.io	2026-07-12	True	name=construct license=MIT OR Apache-2.0 desc=yes
construct-coordination	crates.io	2026-06-18	False	name=construct-coordination license=None desc=NO
construct-core	crates.io	2026-07-12	True	name=construct-core license=MIT desc=yes
construct-hotswap	crates.io	2026-06-13	True	name=construct-hotswap license=Apache-2.0 desc=yes
construct-provenance	crates.io	2026-06-13	True	name=construct-provenance license=Apache-2.0 desc=yes
construct-supply-chain	crates.io	2026-06-13	True	name=construct-supply-chain license=Apache-2.0 desc=yes
contributor-hub	npm	2026-06-08	False	name=contributor-hub v=1.0.0 private=True
convex-hull-rs	crates.io	2026-07-12	True	name=convex-hull-rs license=MIT OR Apache-2.0 desc=yes
convex-rs	crates.io	2026-06-08	True	name=convex-rs license=MIT OR Apache-2.0 desc=yes
coordination-hierarchy	pypi	2026-07-12	True	name=coordination-hierarchy v=0.1.0
coordination-topology	pypi	2026-07-12	True	name=coordination-topology v=0.1.0
copilotkit	npm	2026-06-08	False	name=CopilotKit v=None private=True
coral-reef	crates.io	2026-07-12	True	name=coral-reef license=MIT desc=yes
cortex-bus	crates.io	2026-07-12	True	name=cortex-bus license=MIT desc=yes
cortex-bus-protocol	crates.io	2026-07-12	True	name=cortex-bus-protocol license=MIT desc=yes
cortex-toml	crates.io	2026-07-12	True	name=cortex-toml license=MIT desc=yes
cosmic-web	crates.io	2026-06-13	True	name=cosmic-web license=MIT desc=yes
counterpoint-engine	pypi	2026-07-12	True	name=counterpoint-engine v=0.2.0
counterpoint-engine-rs	crates.io	2026-06-08	True	name=counterpoint-engine license=MIT desc=yes
coxeter-group-rs	crates.io	2026-07-12	True	name=coxeter-group-rs license=MIT OR Apache-2.0 desc=yes
cpu-sched	crates.io	2026-07-12	True	name=cpu-sched license=MIT desc=yes
crab	pypi	2026-07-12	True	name=crab v=0.1.0
crab-trap-funnel	npm	2026-07-12	True	name=crab-trap-funnel v=4.0.0 private=False
crackle-runtime	crates.io	2026-06-08	True	name=crackle-runtime license=MIT desc=yes
craftmind	npm	2026-06-16	True	name=craftmind v=1.0.0 private=False
craftmind-studio	npm	2026-06-13	True	name=craftmind-studio v=0.1.0 private=False
crate-graph	crates.io	2026-06-13	True	name=crate-graph license=MIT desc=yes
crates-publish-check	crates.io	2026-06-13	True	name=crates-publish-check license=MIT OR Apache-2.0 desc=yes
crdt-core	crates.io	2026-07-12	True	name=crdt-core license=MIT desc=yes
crdt-map	crates.io	2026-07-12	True	name=crdt-map license=MIT desc=yes
creative-engine-rust	crates.io	2026-07-12	False	name=creative-engine license=MIT desc=NO
cross-compile-checker	crates.io	2026-06-10	True	name=cross-compile-checker license=MIT desc=yes
cross-pollination	pypi	2026-06-08	True	name=cross-pollination v=0.1.0
crypto-primitives	crates.io	2026-07-12	True	name=crypto-primitives license=MIT OR Apache-2.0 desc=yes
crystal-lattice	crates.io	2026-07-12	True	name=crystal-lattice license=MIT desc=yes
ct-bridge-npm	npm	2026-07-12	True	name=@superinstance/ct-bridge v=0.1.0 private=False
ct-demo	crates.io	2026-07-12	True	name=constraint-theory-demo license=MIT OR Apache-2.0 desc=yes
ctl-model	crates.io	2026-07-12	True	name=ctl-model license=MIT desc=yes
cuda-oxide	crates.io	2026-06-13	False	name=None license=None desc=NO
cudaclaw	crates.io	2026-08-24	True	name=cudaclaw license=MIT OR Apache-2.0 desc=yes
cudaclaw	pypi	2026-08-24	True	name=cudaclaw v=1.0.0
cudaclaw-bridge	crates.io	2026-06-09	True	name=cudaclaw-bridge license=Apache-2.0 desc=yes
curvature-learning	crates.io	2026-07-12	True	name=curvature-learning license=MIT desc=yes
cv-fundamentals	crates.io	2026-07-12	True	name=cv-fundamentals license=MIT OR Apache-2.0 desc=yes
dashai-flux-model-package	pypi	2026-07-12	True	name=dashai_flux_model_package v=0.0.4
db-internals	crates.io	2026-07-12	True	name=db-internals license=MIT OR Apache-2.0 desc=yes
deadband-python	pypi	2026-07-12	True	name=deadband-python v=0.1.1
deadband-rs	crates.io	2026-07-12	False	name=deadband license=MIT desc=NO
deadband-snr	crates.io	2026-07-12	True	name=deadband-snr license=MIT desc=yes
decision-tree-rs	crates.io	2026-06-09	True	name=decision-tree-rs license=MIT OR Apache-2.0 desc=yes
deckboss-app	npm	2026-09-21	False	name=deckboss-app v=1.0.0 private=True
deckboss-net	npm	2026-06-14	False	name=None v=None private=False
deckhand-rs	crates.io	2026-07-21	True	name=si-deckhand-rs license=MIT desc=yes
decomp-agents	pypi	2026-07-12	True	name=decomp-agents v=0.1.0
deepseek-harness-quilt	npm	2026-08-21	False	name=@deepseek-ai/dsh-root v=0.1.1-rc.2 private=True
delaunay-triang-rs	crates.io	2026-06-09	True	name=delaunay-triang-rs license=MIT OR Apache-2.0 desc=yes
delta-encode	crates.io	2026-07-12	True	name=delta-encode license=MIT desc=yes
deno	crates.io	2026-06-11	False	name=None license=None desc=NO
dep-audit	crates.io	2026-06-10	True	name=dep-audit license=MIT desc=yes
depgraph-gpu	crates.io	2026-07-12	True	name=depgraph-gpu license=MIT desc=yes
device-router	pypi	2026-07-12	True	name=device-router v=0.1.0
dial-ecology	crates.io	2026-06-13	True	name=dial-ecology license=MIT desc=yes
dial-theory	crates.io	2026-06-13	True	name=dial-theory license=MIT desc=yes
dial-theory-rs	crates.io	2026-07-12	True	name=dial-theory-rs license=MIT desc=yes
differential-regression	crates.io	2026-07-12	True	name=differential-regression license=MIT desc=yes
diffie-hellman-rs	crates.io	2026-07-12	True	name=diffie-hellman-rs license=MIT OR Apache-2.0 desc=yes
difftop-rs	crates.io	2026-07-12	True	name=difftop-rs license=MIT OR Apache-2.0 desc=yes
dify	npm	2026-06-08	False	name=dify v=None private=True
dify-budget-watchdog	crates.io	2026-07-12	True	name=dify-budget-watchdog license=MIT desc=yes
digital-signature-rs	crates.io	2026-07-12	True	name=digital-signature-rs license=MIT OR Apache-2.0 desc=yes
discrete-bayes-rs	crates.io	2026-07-12	True	name=discrete-bayes-rs license=MIT OR Apache-2.0 desc=yes
disk-sched	crates.io	2026-07-12	True	name=disk-sched license=MIT desc=yes
dissertation-engine	crates.io	2026-06-13	True	name=dissertation-engine license=MIT desc=yes
distill-pipeline	crates.io	2026-07-12	True	name=distill-pipeline license=MIT desc=yes
distributed-algos	crates.io	2026-07-12	True	name=distributed-algos license=MIT OR Apache-2.0 desc=yes
dmlog-agent	pypi	2026-07-12	True	name=dmlog-agent v=0.2.0
dogmind-arena	npm	2026-06-13	False	name=dogmind-arena v=1.0.0 private=True
dojo-musician-rooms	crates.io	2026-07-12	True	name=dojo-musician-rooms license=MIT desc=yes
domain-agent-base	pypi	2026-07-12	True	name=domain-agent-base v=1.0.0
domain-landing	npm	2026-07-17	True	name=domain-landing v=0.1.0 private=False
dream-compiler	crates.io	2026-07-12	True	name=dream-compiler license=MIT desc=yes
dream-cycle	crates.io	2026-07-12	True	name=dream-cycle license=MIT desc=yes
drift-analyzer	crates.io	2026-07-12	True	name=drift-analyzer license=MIT desc=yes
drone-fleet-ternary	crates.io	2026-06-13	True	name=drone-fleet-ternary license=Apache-2.0 desc=yes
dual-band-guard	crates.io	2026-08-21	True	name=dual-band-guard license=MIT desc=yes
dual-connection	crates.io	2026-07-12	True	name=dual-connection license=MIT OR Apache-2.0 desc=yes
duke-lab	npm	2026-09-23	True	name=duke-lab v=1.0.0 private=False
dynamical-systems	crates.io	2026-07-12	True	name=dynamical-systems license=MIT OR Apache-2.0 desc=yes
ec2mud	npm	2026-09-04	False	name=ec2mud v=1.0.0 private=True
ecc-rs	crates.io	2026-07-12	True	name=ecc-codes license=MIT OR Apache-2.0 desc=yes
edge-benchmark	crates.io	2026-06-13	True	name=edge-benchmark license=MIT desc=yes
edge-compiler	npm	2026-08-21	False	name=edge-compiler v=1.0.0 private=True
edge-conservation-rs	crates.io	2026-06-13	True	name=edge-conservation license=MIT desc=yes
edge-conservation-worker	npm	2026-06-14	True	name=edge-conservation-worker v=0.1.0 private=False
edge-equipment-catalog	npm	2026-08-21	False	name=edge-equipment-catalog v=0.1.0 private=True
edge-weight	npm	2026-07-17	True	name=edge-weight v=0.1.0 private=False
eigen-system	crates.io	2026-07-12	True	name=eigen-system license=MIT OR Apache-2.0 desc=yes
eisenstein	crates.io	2026-09-03	True	name=eisenstein license=MIT OR Apache-2.0 desc=yes
eisenstein-bench	crates.io	2026-07-12	False	name=eisenstein-bench license=MIT desc=NO
eisenstein-fuzz	crates.io	2026-07-12	False	name=None license=None desc=NO
eisenstein-quantize	crates.io	2026-07-12	True	name=eisenstein-quantize license=MIT desc=yes
eisenstein-snap-python	pypi	2026-07-12	True	name=eisenstein-snap v=0.1.0
eisenstein-tools	crates.io	2026-07-12	True	name=eisenstein-tools license=MIT OR Apache-2.0 desc=yes
eisenstein-triples	pypi	2026-07-12	True	name=eisenstein-triples v=0.1.0
eisenstein-vs-z2-rs	crates.io	2026-07-07	True	name=eisenstein-vs-z2 license=MIT desc=yes
eisenstein-wasm	crates.io	2026-07-12	True	name=eisenstein-wasm license=MIT OR Apache-2.0 desc=yes
electromagnetism	crates.io	2026-07-12	True	name=electromagnetism license=MIT OR Apache-2.0 desc=yes
elephant	pypi	2026-09-21	True	name=elephant v=0.1.0
elephant-sim-worker	npm	2026-08-20	False	name=elephant-sim-worker v=0.1.0 private=True
elliptic-curve-ops	crates.io	2026-07-12	True	name=elliptic-curve-ops license=MIT desc=yes
email-oracle	npm	2026-07-17	True	name=email-oracle v=0.1.0 private=False
emergence-engine	npm	2026-08-21	True	name=emergence-engine v=1.0.0 private=False
emergency-alerts	npm	2026-07-17	True	name=emergency-alerts v=0.1.0 private=False
emergent-coupling	crates.io	2026-07-12	False	name=emergent-coupling license=MIT desc=NO
emotional-colorist	crates.io	2026-07-12	True	name=emotional-colorist license=MIT desc=yes
engine-ensign	pypi	2026-08-19	True	name=engine-ensign v=0.2.0
ensign-protocol	pypi	2026-08-14	True	name=ensign-protocol v=0.1.0
entropy-code	crates.io	2026-07-12	True	name=entropy-code license=MIT desc=yes
entropy-conservation	crates.io	2026-06-11	True	name=entropy-conservation license=MIT desc=yes
entropy-conservation-rs	crates.io	2026-07-12	True	name=entropy-conservation-rs license=MIT desc=yes
entropy-flow-py	pypi	2026-06-14	True	name=entropy-flow v=0.1.0
entropy-gpu-rs	crates.io	2026-06-13	True	name=entropy-gpu license=MIT desc=yes
entropy-lint	crates.io	2026-06-10	True	name=entropy-lint license=MIT desc=yes
entropy-production	crates.io	2026-07-12	True	name=entropy-production license=MIT desc=yes
ergodic-theory	crates.io	2026-07-12	True	name=ergodic-theory license=MIT OR Apache-2.0 desc=yes
ergodic-transport-rs	crates.io	2026-07-12	False	name=ergodic-transport license=MIT desc=NO
error-forest	crates.io	2026-06-13	True	name=error-forest license=MIT desc=yes
error-forest-hub	crates.io	2026-06-11	True	name=error-forest-hub license=MIT desc=yes
event-bus	crates.io	2026-07-12	True	name=event-bus license=MIT desc=yes
evo-rs	crates.io	2026-07-12	True	name=evo-rs license=MIT OR Apache-2.0 desc=yes
evolution-ternary	crates.io	2026-06-13	True	name=evolution-ternary license=MIT desc=yes
evolutionary-strategy	crates.io	2026-07-12	True	name=evolutionary-strategy license=MIT desc=yes
evolving-sheaf-rs	crates.io	2026-07-12	False	name=evolving-sheaf license=MIT desc=NO
exocortex	pypi	2026-08-21	True	name=exocortex v=0.1.0
exocortex-core	pypi	2026-08-18	True	name=exocortex-core v=0.1.0
exocortex-mcp-ts	npm	2026-07-13	True	name=exocortex-mcp-ts v=1.0.0 private=False
exocortex-rs	crates.io	2026-07-20	True	name=si-exocortex license=MIT desc=yes
exocortex-tiny-py	pypi	2026-07-12	True	name=exocortex-tiny-py v=0.1.0
exoj	npm	2026-09-27	True	name=exoj v=0.1.0 private=False
exponential-family	crates.io	2026-07-12	True	name=exponential_family license=MIT OR Apache-2.0 desc=yes
extensive-form	crates.io	2026-07-12	True	name=extensive-form license=MIT OR Apache-2.0 desc=yes
fabric-mcp	npm	2026-08-21	True	name=polln v=0.1.0 private=False
failure-detector	crates.io	2026-07-12	True	name=failure-detector license=MIT desc=yes
fastloop-guard	crates.io	2026-06-13	True	name=fastloop-guard license=MIT OR Apache-2.0 desc=yes
federated-ternary	crates.io	2026-06-13	True	name=federated-ternary license=Apache-2.0 desc=yes
federated-tinyml-npm	npm	2026-09-04	True	name=@superinstance/federated-tinyml v=0.3.0 private=False
feistel-net	crates.io	2026-07-12	True	name=feistel-net license=MIT OR Apache-2.0 desc=yes
fencecraft	pypi	2026-07-12	True	name=fencecraft v=0.1.0
fenwick-tree-rs	crates.io	2026-06-09	True	name=fenwick-tree-rs license=MIT desc=yes
ferment-constraints	crates.io	2026-07-07	True	name=ferment-constraints license=MIT desc=yes
fft-core	crates.io	2026-07-12	True	name=fft-core license=MIT OR Apache-2.0 desc=yes
fft-rs	crates.io	2026-07-12	True	name=fft-rs license=MIT OR Apache-2.0 desc=yes
fiber-category	crates.io	2026-07-12	True	name=fiber-category license=MIT desc=yes
fibonacci-fence	pypi	2026-07-21	True	name=si-fibonacci-fence v=0.1.0
fibonacci-growth	crates.io	2026-07-12	True	name=fibonacci-growth license=MIT desc=yes
fibonacci-growth-v2	crates.io	2026-07-12	True	name=fibonacci-growth-v2 license=MIT desc=yes
fibration-timing	crates.io	2026-06-13	True	name=fibration-timing license=MIT desc=yes
field-core	crates.io	2026-07-12	True	name=field-core license=MIT desc=yes
finite-difference-pde	crates.io	2026-07-12	True	name=finite-difference-pde license=MIT OR Apache-2.0 desc=yes
fir-filter	crates.io	2026-07-12	True	name=fir-filter license=MIT OR Apache-2.0 desc=yes
fisher-rao	crates.io	2026-07-12	True	name=fisher-rao license=MIT OR Apache-2.0 desc=yes
fishinglog-agent	pypi	2026-07-12	True	name=fishinglog-agent v=0.2.1
fleet-agent-core	crates.io	2026-07-13	True	name=fleet-agent-core license=MIT desc=yes
fleet-agent-early-version	pypi	2026-08-21	True	name=fleet-agent v=0.2.2
fleet-audio	crates.io	2026-08-18	True	name=fleet-audio license=MIT desc=yes
fleet-auth	crates.io	2026-06-13	True	name=fleet-auth license=MIT OR Apache-2.0 desc=yes
fleet-auth	npm	2026-06-13	True	name=fleet-auth v=1.0.0 private=False
fleet-bottle	crates.io	2026-07-12	True	name=fleet-bottle license=MIT desc=yes
fleet-bottles	pypi	2026-08-28	True	name=fleet-bottles v=1.0.0
fleet-bridge	crates.io	2026-07-12	False	name=fleet-bridge license=MIT desc=NO
fleet-bridge	npm	2026-07-12	True	name=@superinstance/fleet-bridge v=1.0.0 private=False
fleet-budget	npm	2026-07-12	True	name=fleet-budget v=1.0.0 private=False
fleet-build	crates.io	2026-07-13	True	name=fleet-build license=MIT desc=yes
fleet-calibrator	pypi	2026-07-12	True	name=fleet-calibrator v=0.1.0
fleet-chronicle	pypi	2026-07-12	True	name=fleet-chronicle v=0.1.0
fleet-cicd-agent	pypi	2026-08-21	True	name=fleet-cicd-agent v=0.1.0
fleet-clock	crates.io	2026-07-12	False	name=fleet-clock license=MIT desc=NO
fleet-cns-v3	crates.io	2026-08-21	False	name=fleet-cns-v3 license=None desc=yes
fleet-conductor	crates.io	2026-08-23	True	name=fleet-conductor license=MIT OR Apache-2.0 desc=yes
fleet-config	pypi	2026-09-17	True	name=fleet-config v=0.1.0
fleet-consciousness	crates.io	2026-07-12	True	name=fleet-consciousness license=MIT desc=yes
fleet-consciousness-dashboard	pypi	2026-08-21	True	name=fleet-consciousness-dashboard v=0.1.0
fleet-conservation	crates.io	2026-07-12	True	name=fleet-conservation license=MIT desc=yes
fleet-constraint	pypi	2026-09-17	True	name=fleet-constraint v=0.1.0
fleet-coordinate-js	npm	2026-09-17	True	name=@cocapn/fleet-coordinate-js v=0.1.0 private=False
fleet-coordinator	crates.io	2026-07-12	True	name=fleet-coordinator license=MIT OR Apache-2.0 desc=yes
fleet-crdt	crates.io	2026-07-12	True	name=fleet-crdt license=MIT desc=yes
fleet-dashboard	npm	2026-08-31	True	name=fleet-dashboard v=1.0.0 private=False
fleet-dashboard-api	npm	2026-07-12	False	name=fleet-dashboard-api v=1.0.0 private=True
fleet-dedup	crates.io	2026-06-11	True	name=fleet-dedup license=MIT OR Apache-2.0 desc=yes
fleet-ecology	crates.io	2026-07-12	True	name=fleet-ecology license=MIT desc=yes
fleet-edge-worker	crates.io	2026-06-14	True	name=fleet-edge-worker license=MIT OR Apache-2.0 desc=yes
fleet-edge-worker	npm	2026-06-14	True	name=fleet-edge-worker v=0.1.0 private=False
fleet-embed	crates.io	2026-08-21	True	name=fleet-embed license=MIT desc=yes
fleet-ensemble	crates.io	2026-08-21	False	name=fleet-ensemble license=None desc=yes
fleet-envelope	npm	2026-08-23	True	name=fleet-envelope v=1.0.0 private=False
fleet-event-router	npm	2026-07-12	True	name=fleet-event-router v=0.1.0 private=False
fleet-formation-protocol	pypi	2026-07-12	True	name=fleet-formation-protocol v=0.2.0
fleet-functions	npm	2026-08-30	False	name=fleet-functions v=1.0.0 private=True
fleet-gateway	npm	2026-09-25	False	name=fleet-gateway v=0.1.0 private=True
fleet-gateway	pypi	2026-09-25	True	name=fleet-gateway v=0.1.0
fleet-graph	crates.io	2026-07-12	True	name=fleet-graph license=MIT desc=yes
fleet-harness	pypi	2026-07-12	True	name=fleet-harness v=0.1.0
fleet-health-monitor	pypi	2026-06-14	True	name=si-fleet-health-monitor v=0.1.0
fleet-helm	crates.io	2026-07-12	True	name=fleet-helm license=MIT desc=yes
fleet-homunculus	pypi	2026-08-30	True	name=fleet-homunculus v=0.1.0
fleet-i2i-protocol	crates.io	2026-06-09	True	name=fleet-i2i-protocol license=MIT desc=yes
fleet-integration	pypi	2026-07-12	True	name=fleet-integration v=0.1.0
fleet-intelligence-api	npm	2026-07-12	True	name=fleet-intelligence-api v=1.0.0 private=False
fleet-jepa-midi	crates.io	2026-08-21	True	name=fleet-jepa-midi license=MIT desc=yes
fleet-keel	crates.io	2026-07-12	True	name=fleet-keel license=MIT desc=yes
fleet-liaison-tender	pypi	2026-08-06	True	name=tenderctl v=0.1.0
fleet-manifold	crates.io	2026-07-12	True	name=fleet-manifold license=MIT desc=yes
fleet-mapper	crates.io	2026-06-11	True	name=fleet-mapper license=MIT OR Apache-2.0 desc=yes
fleet-math-ts	npm	2026-07-13	True	name=@superinstance/fleet-math v=0.1.0 private=False
fleet-mcp-server	npm	2026-07-12	True	name=@superinstance/fleet-mcp-server v=1.0.0 private=False
fleet-memory	crates.io	2026-08-21	True	name=fleet-memory license=MIT desc=yes
fleet-metrics-cron	npm	2026-06-13	True	name=fleet-metrics-cron v=1.0.0 private=False
fleet-midi	crates.io	2026-08-21	True	name=fleet-midi license=MIT OR Apache-2.0 desc=yes
fleet-midi-harmonizer	crates.io	2026-06-09	True	name=fleet-midi-harmonizer license=MIT desc=yes
fleet-midi-pulse	crates.io	2026-06-09	True	name=fleet-midi-pulse license=MIT desc=yes
fleet-midi-text2midi	npm	2026-07-12	True	name=@superinstance/midi-text2midi v=0.1.0 private=False
fleet-midi-tokenizer	npm	2026-07-12	True	name=@superinstance/midi-tokenizer v=0.1.0 private=False
fleet-murmur	pypi	2026-09-26	True	name=fleet-murmur v=0.1.0
fleet-murmur-worker	npm	2026-08-14	True	name=fleet-murmur-worker v=0.1.0 private=False
fleet-music-theorist	pypi	2026-07-12	True	name=si-fleet-music-theorist v=0.1.0
fleet-oracle	crates.io	2026-07-12	True	name=fleet-oracle license=MIT desc=yes
fleet-phase	crates.io	2026-07-12	False	name=fleet-phase license=MIT desc=NO
fleet-pipeline	npm	2026-08-13	True	name=fleet-pipeline v=1.0.0 private=False
fleet-predict	crates.io	2026-07-12	False	name=fleet-predict license=MIT desc=NO
fleet-proto-rs	crates.io	2026-07-12	True	name=fleet-proto license=Apache-2.0 desc=yes
fleet-raid5	pypi	2026-07-12	True	name=fleet-raid5 v=0.1.0
fleet-registry-worker	npm	2026-07-12	False	name=fleet-registry-worker v=1.0.0 private=True
fleet-router	pypi	2026-07-12	True	name=fleet-router v=0.1.0
fleet-sandbox	crates.io	2026-07-12	True	name=fleet-sandbox license=MIT desc=yes
fleet-scanner	crates.io	2026-07-13	True	name=fleet-scanner license=MIT desc=yes
fleet-sim-rs	crates.io	2026-07-13	True	name=fleet-sim-rs license=MIT desc=yes
fleet-simulation	pypi	2026-07-12	True	name=fleet-simulation v=0.1.0
fleet-static-host	npm	2026-09-04	False	name=fleet-static-host v=2.0.0 private=True
fleet-stitch	pypi	2026-08-21	True	name=fleet-stitch v=0.1.0
fleet-tool-registry	pypi	2026-07-12	True	name=fleet_tool_registry v=0.1.0
fleet-topology	crates.io	2026-07-13	True	name=fleet-topology license=MIT desc=yes
fleet-topology-rs	crates.io	2026-07-13	True	name=fleet-topology license=MIT desc=yes
fleet-tts	npm	2026-08-14	True	name=fleet-tts v=1.0.0 private=False
fleet-vector-api	crates.io	2026-06-13	True	name=fleet-vector-api license=MIT OR Apache-2.0 desc=yes
fleet-vector-api	npm	2026-06-13	True	name=fleet-vector-api v=0.1.0 private=False
fleet-warden	crates.io	2026-06-11	True	name=fleet-warden license=MIT desc=yes
fleet-warden-rs	crates.io	2026-07-12	True	name=fleet-warden license=MIT desc=yes
fleet-yaw	crates.io	2026-08-21	True	name=fleet-yaw license=MIT desc=yes
flow-control	crates.io	2026-07-12	True	name=flow-control license=MIT OR Apache-2.0 desc=yes
flow-state	pypi	2026-08-21	True	name=flow-state v=0.1.0
fluid-sim	crates.io	2026-07-12	True	name=fluid-sim license=MIT OR Apache-2.0 desc=yes
flux	crates.io	2026-07-12	True	name=flux license=true desc=yes
flux-algebra	pypi	2026-07-12	True	name=flux-algebra v=0.1.0
flux-algebra-rs	crates.io	2026-07-07	True	name=flux-algebra license=MIT desc=yes
flux-ast	crates.io	2026-07-12	True	name=flux-ast license=MIT OR Apache-2.0 desc=yes
flux-autoscale	crates.io	2026-06-13	True	name=flux-autoscale license=Apache-2.0 desc=yes
flux-check-py	pypi	2026-07-12	True	name=flux-constraint-check v=0.1.0
flux-compass	crates.io	2026-06-08	False	name=flux-compass license=None desc=NO
flux-compiler	crates.io	2026-07-12	False	name=None license=None desc=NO
flux-compiler-agentic	pypi	2026-07-12	True	name=flux-compiler-agentic v=0.1.0
flux-compiler-rs	crates.io	2026-07-12	True	name=si-flux-compiler license=MIT desc=yes
flux-compiler-workspace	crates.io	2026-06-08	False	name=None license=None desc=NO
flux-core	crates.io	2026-07-19	True	name=fluxvm license=MIT desc=yes
flux-discussion-flows	pypi	2026-07-12	True	name=flux-discussion-flow v=0.1.0
flux-evolve	crates.io	2026-06-08	False	name=flux-evolve license=None desc=NO
flux-ffi	crates.io	2026-07-12	True	name=flux-ffi license=MIT desc=yes
flux-fracture	crates.io	2026-07-12	True	name=flux-fracture license=MIT desc=yes
flux-genome	pypi	2026-07-12	True	name=flux-genome v=0.2.0
flux-genome-py	pypi	2026-07-12	True	name=flux-genome v=0.1.0
flux-genome-rs	crates.io	2026-09-03	True	name=flux-genome license=MIT desc=yes
flux-hyperbolic	pypi	2026-07-12	True	name=flux-hyperbolic v=0.2.0
flux-hyperbolic-py	pypi	2026-07-12	True	name=flux-hyperbolic v=0.1.0
flux-hyperbolic-rs	crates.io	2026-06-09	True	name=flux-hyperbolic license=MIT desc=yes
flux-importer	crates.io	2026-06-13	True	name=flux-importer license=Apache-2.0 desc=yes
flux-index	pypi	2026-07-12	True	name=flux-index v=0.1.0
flux-index-rs	crates.io	2026-06-08	True	name=flux-index license=MIT desc=yes
flux-isa-edge	crates.io	2026-07-12	True	name=flux-isa-edge license=Apache-2.0 desc=yes
flux-isa-mini	crates.io	2026-07-12	True	name=flux-isa-mini license=Apache-2.0 desc=yes
flux-isa-std	crates.io	2026-07-12	True	name=flux-isa-std license=Apache-2.0 desc=yes
flux-js	npm	2026-09-22	True	name=@superinstance/flux-js v=1.0.0 private=False
flux-lang	pypi	2026-07-12	True	name=flux-lang v=0.1.0
flux-lib-py	pypi	2026-07-12	True	name=flux-lib v=0.1.0
flux-lucid	crates.io	2026-08-21	True	name=flux-lucid license=Apache-2.0 desc=yes
flux-navigate	crates.io	2026-06-08	False	name=flux-navigate license=None desc=NO
flux-plato-bridge	pypi	2026-07-12	True	name=flux-plato-bridge v=1.0.0
flux-policy-tester	pypi	2026-07-20	True	name=flux-policy-tester v=0.1.2
flux-policy-tester-rs	crates.io	2026-07-12	True	name=flux-policy-tester license=MIT desc=yes
flux-reasoner	pypi	2026-07-12	True	name=flux-reasoner v=0.1.0
flux-reasoner-engine	pypi	2026-07-12	True	name=flux-reasoner v=0.1.0
flux-registry	pypi	2026-07-13	True	name=flux-registry v=0.2.0
flux-registry-rs	crates.io	2026-07-20	True	name=flux-registry-cli license=MIT desc=yes
flux-runtime	pypi	2026-08-24	True	name=flux-runtime v=0.1.0
flux-tensor-midi	crates.io	2026-06-08	False	name=None license=None desc=NO
flux-tensor-midi	pypi	2026-06-08	True	name=flux-tensor-midi v=0.1.2
flux-verify-api	crates.io	2026-07-12	True	name=flux-verify-api license=MIT desc=yes
flux-vm	crates.io	2026-08-26	False	name=None license=None desc=NO
flux-vm-dispatch	crates.io	2026-06-13	True	name=flux-vm-dispatch license=MIT OR Apache-2.0 desc=yes
flux-vm-gpu	crates.io	2026-07-12	True	name=flux-vm-gpu license=MIT OR Apache-2.0 desc=yes
flux-vm-v3	crates.io	2026-07-12	False	name=flux-vm-v3 license=MIT desc=NO
fold-compression	pypi	2026-07-12	True	name=fold-compression v=0.1.0
folding-order	crates.io	2026-07-12	True	name=folding-order license=MIT OR Apache-2.0 desc=yes
forge-a2a	crates.io	2026-07-12	True	name=forge-a2a license=MIT desc=yes
forge-audio	crates.io	2026-07-12	True	name=forge-audio license=Apache-2.0 desc=yes
forge-cli	crates.io	2026-07-12	True	name=forge license=MIT desc=yes
forge-code	crates.io	2026-07-12	True	name=forge-code license=Apache-2.0 desc=yes
forge-conservation	crates.io	2026-07-12	True	name=forge-conservation license=MIT desc=yes
forge-data	crates.io	2026-07-12	True	name=forge-data license=MIT desc=yes
forge-detect	crates.io	2026-07-12	True	name=forge-detect license=MIT desc=yes
forge-flux	crates.io	2026-07-12	True	name=forge-flux license=MIT desc=yes
forge-image	crates.io	2026-07-12	True	name=forge-image license=Apache-2.0 desc=yes
forge-memory	crates.io	2026-07-12	True	name=forge-memory license=MIT desc=yes
forge-meta	crates.io	2026-07-12	True	name=forge-meta license=Apache-2.0 desc=yes
forge-pi	npm	2026-07-12	True	name=forge-pi v=0.1.0 private=False
forge-pipeline	crates.io	2026-07-12	True	name=forge-pipeline license=MIT desc=yes
forge-sensor	crates.io	2026-07-12	True	name=forge-sensor license=Apache-2.0 desc=yes
forge-soniqo	crates.io	2026-07-12	True	name=forge-soniqo license=MIT desc=yes
forge-subtitle	crates.io	2026-07-12	True	name=forge-subtitle license=MIT desc=yes
forge-text	crates.io	2026-07-12	True	name=forge-text license=MIT desc=yes
forge-tick	crates.io	2026-07-12	True	name=forge-tick license=MIT desc=yes
forge-transform	crates.io	2026-07-12	True	name=forge-transform license=MIT desc=yes
forgemaster	pypi	2026-09-21	True	name=forgemaster v=0.1.0
forgetting-curve	crates.io	2026-07-12	True	name=forgetting-curve license=MIT desc=yes
foundry	crates.io	2026-06-11	False	name=None license=None desc=NO
fractal-gen-rs	crates.io	2026-07-12	True	name=fractal-gen-rs license=MIT OR Apache-2.0 desc=yes
free-energy	crates.io	2026-07-12	True	name=free-energy license=MIT desc=yes
free-probability	crates.io	2026-07-12	True	name=free-probability license=MIT OR Apache-2.0 desc=yes
free-probability-rs	crates.io	2026-07-12	False	name=free-probability license=MIT desc=NO
fs-layout	crates.io	2026-07-12	True	name=fs-layout license=MIT desc=yes
func-analysis	crates.io	2026-07-12	True	name=func-analysis license=MIT OR Apache-2.0 desc=yes
functional-graph	crates.io	2026-07-12	True	name=functional-graph license=MIT desc=yes
fuzzy-logic	crates.io	2026-07-12	True	name=fuzzy-logic license=MIT OR Apache-2.0 desc=yes
ga-core	crates.io	2026-07-12	True	name=ga-core license=MIT desc=yes
ga-core-rs	crates.io	2026-07-12	True	name=ga-core license=MIT desc=yes
galois-field	crates.io	2026-07-12	True	name=galois-field license=MIT desc=yes
garden-path	crates.io	2026-07-12	True	name=garden-path license=MIT desc=yes
gc-pid-bridge	crates.io	2026-07-12	True	name=gc-pid-bridge license=MIT desc=yes
genetic-search	crates.io	2026-07-12	True	name=genetic-search license=MIT desc=yes
gesture-kit	npm	2026-09-20	True	name=@superinstance/gesture-kit v=0.1.0 private=False
ghost-track	crates.io	2026-07-12	True	name=ghost-track license=MIT OR Apache-2.0 desc=yes
git-agent	pypi	2026-09-26	True	name=cocapn-git-agent v=0.1.2
git-cuda-agent	crates.io	2026-06-11	True	name=git-cuda-agent license=MIT OR Apache-2.0 desc=yes
git-graph-rs	crates.io	2026-06-13	True	name=git-graph license=MIT OR Apache-2.0 desc=yes
git-pipeline	crates.io	2026-06-11	True	name=git-pipeline license=MIT desc=yes
git-storage	npm	2026-06-14	True	name=git-storage v=0.1.0 private=False
glyph-language	crates.io	2026-07-12	True	name=glyph-language license=MIT desc=yes
gossip-protocol	crates.io	2026-07-12	True	name=gossip-protocol license=MIT desc=yes
gossip-sub	crates.io	2026-07-12	True	name=gossip-sub license=MIT desc=yes
gpu-annealing	crates.io	2026-06-13	True	name=gpu-annealing license=MIT desc=yes
gpu-bench-lab	crates.io	2026-06-11	True	name=gpu-bench-lab license=MIT OR Apache-2.0 desc=yes
gpu-native-room-inference	pypi	2026-07-12	True	name=gpu-native-room-inference v=1.0.0
gpu-optimizer	pypi	2026-06-10	True	name=gpu-optimizer v=0.1.0
gpu-ternary-engine	pypi	2026-06-10	True	name=gpu-ternary-engine v=0.1.0
gradient-descent	crates.io	2026-07-12	True	name=gradient-descent license=MIT desc=yes
grand-pattern-abi	crates.io	2026-07-12	True	name=grand-pattern-abi license=MIT desc=yes
grand-pattern-adversarial	crates.io	2026-07-12	True	name=grand-pattern-adversarial license=MIT desc=yes
grand-pattern-bench	crates.io	2026-07-12	False	name=grand-pattern-bench license=MIT desc=NO
grand-pattern-bench-v2	crates.io	2026-07-12	True	name=grand-pattern-bench-v2 license=MIT desc=yes
grand-pattern-claude	crates.io	2026-07-12	True	name=grand-pattern license=MIT desc=yes
grand-pattern-cli	crates.io	2026-07-12	True	name=grand-pattern-cli license=MIT desc=yes
grand-pattern-core	crates.io	2026-07-12	True	name=grand-pattern-core license=MIT desc=yes
grand-pattern-embedded	crates.io	2026-07-12	True	name=grand-pattern-embedded license=MIT desc=yes
grand-pattern-experiments	crates.io	2026-07-12	True	name=grand-pattern-experiments license=MIT desc=yes
grand-pattern-ffi	crates.io	2026-07-12	True	name=grand-pattern-ffi license=MIT desc=yes
grand-pattern-gpu	crates.io	2026-07-12	True	name=grand-pattern-gpu license=MIT desc=yes
grand-pattern-integration	crates.io	2026-07-12	True	name=grand-pattern-integration license=MIT desc=yes
grand-pattern-kimi	crates.io	2026-07-12	False	name=grand-pattern-kimi license=MIT desc=NO
grand-pattern-kit	crates.io	2026-07-12	True	name=grand-pattern-kit license=MIT desc=yes
grand-pattern-mono	crates.io	2026-07-12	True	name=grand-pattern-mono license=MIT desc=yes
grand-pattern-mono-ts	npm	2026-07-12	True	name=@superinstance/grand-pattern-mono v=0.1.0 private=False
grand-pattern-net	crates.io	2026-07-12	True	name=grand-pattern-net license=MIT desc=yes
grand-pattern-py	pypi	2026-07-12	True	name=grand-pattern v=0.1.0
grand-pattern-rs	crates.io	2026-07-12	True	name=grand-pattern license=MIT desc=yes
grand-pattern-sim	crates.io	2026-07-12	False	name=grand-pattern-sim license=MIT desc=NO
grand-pattern-simd	crates.io	2026-07-12	True	name=grand-pattern-simd license=MIT desc=yes
grand-pattern-store	crates.io	2026-07-12	True	name=grand-pattern-store license=MIT desc=yes
grand-pattern-topology	crates.io	2026-07-12	True	name=grand-pattern-topology license=MIT desc=yes
grand-pattern-ts	npm	2026-07-12	True	name=grand-pattern v=0.1.0 private=False
grand-pattern-venue	crates.io	2026-07-12	True	name=grand-pattern-venue license=MIT desc=yes
grand-pattern-wasm	crates.io	2026-07-12	True	name=grand-pattern-wasm license=MIT desc=yes
granger-causality	crates.io	2026-07-12	True	name=granger-causality license=MIT desc=yes
graph-algorithms	crates.io	2026-07-12	True	name=graph-algo-rs license=MIT OR Apache-2.0 desc=yes
graph-centrality	crates.io	2026-07-12	True	name=graph-centrality license=MIT desc=yes
graph-coloring	crates.io	2026-07-12	True	name=graph-coloring license=MIT OR Apache-2.0 desc=yes
graph-coloring-rs	crates.io	2026-06-09	True	name=graph-coloring-rs license=MIT OR Apache-2.0 desc=yes
graph-flow	crates.io	2026-07-12	True	name=graph-flow license=MIT desc=yes
graph-homology	crates.io	2026-07-12	True	name=graph-homology license=MIT desc=yes
graph-neural	crates.io	2026-07-12	True	name=graph-neural license=MIT desc=yes
graph-planarity	crates.io	2026-07-12	True	name=graph-planarity license=MIT desc=yes
graph-search-rs	crates.io	2026-06-09	True	name=graph-search-rs license=MIT OR Apache-2.0 desc=yes
graph-spectral	crates.io	2026-07-12	True	name=graph-spectral license=MIT desc=yes
graph-thermodynamics	crates.io	2026-07-12	True	name=graph-thermodynamics license=MIT desc=yes
graphite-geometric-algebra	crates.io	2026-07-12	True	name=graphite-ga-nodes license=MIT desc=yes
graphory-sdk	pypi	2026-06-08	True	name=graphory v=0.1.0
griot-math	npm	2026-07-12	True	name=griot-math v=0.1.0 private=False
griot-math-pypi	pypi	2026-07-12	True	name=griot-math v=0.1.0
griot-math-v2	npm	2026-06-08	True	name=griot-math v=2.0.0 private=False
griot-math-wasm	crates.io	2026-07-12	True	name=griot-math-wasm license=MIT desc=yes
groove-analyzer	pypi	2026-07-12	True	name=groove-analyzer v=0.2.0
groovemesh-plr	crates.io	2026-06-09	True	name=groovemesh-plr license=MIT desc=yes
grove-ast	crates.io	2026-06-08	True	name=grove-ast license=MIT desc=yes
grove-compiler	crates.io	2026-06-13	True	name=grove-compiler license=MIT desc=yes
grpc-rust	crates.io	2026-06-08	False	name=None license=None desc=NO
guard2mask	crates.io	2026-07-12	True	name=guard2mask license=MIT OR Apache-2.0 desc=yes
guard2mask-gpu	crates.io	2026-07-12	True	name=guard2mask-gpu license=MIT OR Apache-2.0 desc=yes
guardc	crates.io	2026-07-12	True	name=guardc license=MIT OR Apache-2.0 desc=yes
guardc-v3	crates.io	2026-07-12	False	name=guardc-v3 license=MIT desc=NO
h1-emergence	crates.io	2026-07-12	True	name=h1-emergence license=MIT desc=yes
handy-marine-voice	crates.io	2026-07-12	True	name=handy-marine-voice license=MIT desc=yes
harmonic-analysis	crates.io	2026-07-12	True	name=harmonic-analysis license=MIT OR Apache-2.0 desc=yes
harmonic-plr-rs	crates.io	2026-07-12	True	name=harmonic-plr-rs license=MIT desc=yes
headroom	crates.io	2026-06-13	False	name=None license=None desc=NO
headroom	pypi	2026-06-13	True	name=headroom-ai v=0.25.0
headspace	pypi	2026-06-14	True	name=headspace v=0.2.0
heat-spectral	crates.io	2026-06-09	True	name=heat-spectral license=MIT desc=yes
hebbian-router	pypi	2026-09-20	True	name=hebbian-router v=0.1.0
heddle	npm	2026-06-08	True	name=@roackb2/heddle v=3.2.2 private=False
herdr-cocapn	crates.io	2026-07-12	True	name=herdr license=AGPL-3.0-or-later desc=yes
hermes-cloudflare	npm	2026-08-21	False	name=hermes-cloudflare v=1.0.0 private=True
hermes-construct	crates.io	2026-09-25	False	name=hermes-construct license=None desc=yes
hermes-construct	npm	2026-09-25	False	name=hermes-agent v=1.0.0 private=True
hermes-construct	pypi	2026-09-25	True	name=hermes-agent v=0.15.1
hermes-memory-mcp	npm	2026-07-20	True	name=hermes-memory-mcp v=1.0.0 private=False
hermes-nmi	crates.io	2026-08-21	True	name=hermes-nmi license=MIT desc=yes
hermes-nmi-substrate	crates.io	2026-09-22	True	name=hermes-nmi license=MIT desc=yes
hermes-perception	npm	2026-08-21	True	name=hermes-perception v=1.0.0 private=False
hermes-reader	npm	2026-08-23	True	name=hermes-reader v=1.0.0 private=False
hermit	npm	2026-09-22	True	name=hermit v=1.0.0 private=False
hermit-claw	crates.io	2026-06-11	True	name=zeroclawlabs license=true desc=yes
hermit-zed	crates.io	2026-06-11	False	name=None license=None desc=NO
hex-graph-constraint	pypi	2026-07-12	True	name=hex-graph-constraint v=0.1.0
hexgrid-gen	crates.io	2026-07-12	True	name=hexgrid-gen license=MIT desc=yes
hn-sim	pypi	2026-09-21	True	name=hn-sim v=0.1.0
hoare-logic	crates.io	2026-07-12	True	name=hoare-logic license=MIT OR Apache-2.0 desc=yes
hodge-belief	crates.io	2026-07-12	True	name=hodge-belief license=MIT desc=yes
hodge-belief-rs	crates.io	2026-06-11	True	name=hodge-belief-rs license=MIT desc=yes
hodge-consensus	crates.io	2026-06-13	True	name=hodge-consensus license=MIT OR Apache-2.0 desc=yes
hodge-consensus-rs	crates.io	2026-07-12	True	name=hodge-consensus license=MIT desc=yes
hodge-music-rs	crates.io	2026-07-12	True	name=hodge-music-rs license=MIT desc=yes
hodge-theory	crates.io	2026-07-12	True	name=hodge_theory license=MIT OR Apache-2.0 desc=yes
holodeck	pypi	2026-08-13	True	name=holodeck v=0.2.0
holodeck-rust	crates.io	2026-06-08	True	name=holodeck-rust license=MIT desc=yes
holographic-storage	crates.io	2026-07-12	True	name=holographic-storage license=MIT desc=yes
holonomy-consensus	crates.io	2026-08-21	True	name=holonomy-consensus license=Apache-2.0 desc=yes
holonomy-harmony	pypi	2026-07-12	True	name=holonomy-harmony v=0.1.0
holonomy-harmony-rs	crates.io	2026-06-08	True	name=holonomy-harmony license=MIT desc=yes
homology-engine	crates.io	2026-07-12	True	name=homology-engine license=MIT desc=yes
homomorphic-hash	crates.io	2026-07-12	True	name=si-homomorphic-hash license=MIT OR Apache-2.0 desc=yes
huffman-code	crates.io	2026-07-12	True	name=huffman-code license=MIT desc=yes
huffman-entropy	crates.io	2026-07-12	True	name=huffman-entropy license=MIT desc=yes
hwscan	crates.io	2026-09-22	False	name=hwscan license=None desc=NO
hybrid-lab	pypi	2026-09-21	True	name=hybrid-lab v=0.1.0
i2i-bottle-agent	npm	2026-06-08	True	name=@superinstance/i2i-bottle-agent v=1.0.0 private=False
i2i-protocol	pypi	2026-07-12	True	name=i2i-protocol v=0.1.0
iching-sheaf	pypi	2026-07-12	True	name=iching-sheaf v=1.0.0
iii-observability	crates.io	2026-07-12	True	name=iii-observability license=MIT desc=yes
iir-filter	crates.io	2026-07-12	True	name=iir-filter license=MIT OR Apache-2.0 desc=yes
image-distillation-loop	pypi	2026-08-13	True	name=image-distill v=0.1.0
image-distillation-loop-jev	pypi	2026-09-22	True	name=image-distill v=0.1.0
immune-system	crates.io	2026-07-12	True	name=immune-system license=MIT desc=yes
info-geo	crates.io	2026-07-12	True	name=info-geo license=MIT desc=yes
information-geometry	crates.io	2026-07-12	True	name=information-geometry license=MIT OR Apache-2.0 desc=yes
information-theory	crates.io	2026-07-12	True	name=information-theory license=MIT OR Apache-2.0 desc=yes
insight-cfp-bridge	pypi	2026-07-12	True	name=insight-cfp-bridge v=0.1.0
insight-engine	crates.io	2026-07-12	True	name=insight-engine license=MIT desc=yes
integration-examples	crates.io	2026-09-22	True	name=integration-examples license=MIT OR Apache-2.0 desc=yes
integration-rs	crates.io	2026-07-12	False	name=integration license=MIT desc=NO
intent-flux-bridge	crates.io	2026-06-13	True	name=intent-flux-bridge license=Apache-2.0 desc=yes
intention-field-rs	crates.io	2026-07-12	True	name=intention-field-rs license=MIT desc=yes
interp-spline	crates.io	2026-07-12	True	name=interp-spline license=MIT OR Apache-2.0 desc=yes
interval-tree-rs	crates.io	2026-07-12	True	name=interval-tree-rs license=MIT OR Apache-2.0 desc=yes
iterative-solvers	crates.io	2026-07-12	True	name=iterative-linalg license=MIT OR Apache-2.0 desc=yes
jazz-voicing-engine	pypi	2026-07-12	True	name=jazz-voicing-engine v=0.1.0
jc1-ct-bridge	crates.io	2026-07-12	True	name=jc1-ct-bridge license=MIT desc=yes
jepa-core	crates.io	2026-07-12	True	name=jepa-core license=MIT desc=yes
jepa-predict	crates.io	2026-07-12	False	name=jepa-predict license=MIT desc=NO
jepa-trait	crates.io	2026-07-12	True	name=jepa-trait license=MIT desc=yes
jev-diffusion-npm	npm	2026-09-22	True	name=@superinstance/jev-diffusion v=0.1.0 private=False
jev-diffusion-rust	crates.io	2026-09-22	True	name=jev-diffusion license=Apache-2.0 desc=yes
jev-gan-cli	npm	2026-09-22	True	name=@superinstance/jev-gan-cli v=0.1.0 private=False
jev-quilt	pypi	2026-09-27	True	name=jev-quilt v=0.1.0
jev-receipts	npm	2026-09-21	True	name=jev-receipts v=0.1.0 private=False
jev-ultrafast-quilt	pypi	2026-09-22	True	name=jev-ultrafast v=0.1.0
jeviter	npm	2026-09-23	True	name=jeviter v=0.1.0 private=False
kalman-filter	crates.io	2026-07-12	True	name=kalman-filter license=MIT OR Apache-2.0 desc=yes
kan-extension	crates.io	2026-07-12	True	name=kan-extension license=MIT desc=yes
kd-tree-rs	crates.io	2026-07-12	True	name=kd-tree-rs license=MIT OR Apache-2.0 desc=yes
keel-early-version	crates.io	2026-07-12	True	name=superinstance-keel license=MIT desc=yes
kev-substrate	pypi	2026-09-23	True	name=kev v=0.1.0
kinematics	crates.io	2026-07-12	True	name=robo-kinematics license=MIT desc=yes
kintsugi-math	pypi	2026-06-08	True	name=kintsugi-math v=0.1.0
kintsugi-math-npm	npm	2026-06-08	True	name=kintsugi-math v=1.0.0 private=False
kintsugi-math-wasm	crates.io	2026-07-12	True	name=kintsugi-math-wasm license=MIT desc=yes
knot-theory	crates.io	2026-07-12	True	name=knot-theory license=MIT desc=yes
knowledge-compass	crates.io	2026-07-12	True	name=knowledge-compass license=MIT desc=yes
knowledge-cron	npm	2026-07-12	True	name=knowledge-cron v=1.0.0 private=False
knowledge-vault	crates.io	2026-09-22	True	name=knowledge-vault license=MIT OR Apache-2.0 desc=yes
knowledge-vault-rs	crates.io	2026-09-22	True	name=knowledge-vault license=MIT desc=yes
l-system-rs	crates.io	2026-07-12	True	name=l-system-rs license=MIT OR Apache-2.0 desc=yes
landauer	crates.io	2026-07-12	True	name=landauer license=MIT desc=yes
lapce-coverage-gap	crates.io	2026-07-12	True	name=lapce-coverage-gap license=MIT desc=yes
lattice-climate	pypi	2026-06-08	True	name=lattice-climate v=0.1.0
lattice-crypto	crates.io	2026-07-12	True	name=lattice-crypto license=MIT desc=yes
lattice-crypto-rs	crates.io	2026-07-12	True	name=lattice-crypto-rs license=MIT OR Apache-2.0 desc=yes
lattice-hamiltonian	crates.io	2026-07-12	True	name=lattice-hamiltonian license=MIT desc=yes
lau-a2a-protocol	crates.io	2026-07-12	True	name=lau-a2a-protocol license=MIT desc=yes
lau-a2ui	crates.io	2026-07-12	True	name=lau-a2ui license=MIT desc=yes
lau-a2ui-protocol	crates.io	2026-07-12	True	name=lau-a2ui-protocol license=MIT desc=yes
lau-achievements	crates.io	2026-07-12	False	name=lau-achievements license=MIT desc=NO
lau-adinkra	crates.io	2026-07-12	True	name=lau-adinkra license=MIT desc=yes
lau-affordance	crates.io	2026-07-12	True	name=lau-affordance license=MIT desc=yes
lau-agent-dream	crates.io	2026-07-12	True	name=lau-agent-dream license=MIT desc=yes
lau-agent-homeostasis	crates.io	2026-07-12	True	name=lau-agent-homeostasis license=MIT desc=yes
lau-agent-lifecycle	crates.io	2026-07-12	True	name=lau-agent-lifecycle license=MIT desc=yes
lau-agent-organism	crates.io	2026-06-08	True	name=lau-agent-organism license=MIT desc=yes
lau-agent-profile	crates.io	2026-07-12	False	name=lau-agent-profile license=MIT desc=NO
lau-agent-runtime	crates.io	2026-07-12	True	name=lau-agent-runtime license=MIT desc=yes
lau-agent-shell	crates.io	2026-07-12	True	name=lau-agent-shell license=MIT desc=yes
lau-agent-thermodynamics	crates.io	2026-07-12	True	name=lau-agent-thermodynamics license=MIT desc=yes
lau-agent-topology	crates.io	2026-07-12	True	name=lau-agent-topology license=MIT desc=yes
lau-agent-unify	crates.io	2026-07-12	True	name=lau-agent-unify license=MIT desc=yes
lau-ai-tutor	crates.io	2026-07-12	True	name=lau-ai-tutor license=MIT desc=yes
lau-algebraic-geometry	crates.io	2026-07-12	True	name=lau-algebraic-geometry license=MIT desc=yes
lau-algebraic-topology	crates.io	2026-07-12	True	name=lau-algebraic-topology license=MIT desc=yes
lau-animation	crates.io	2026-07-12	True	name=lau-animation license=MIT OR Apache-2.0 desc=yes
lau-approximation-theory	crates.io	2026-07-12	True	name=lau-approximation-theory license=MIT desc=yes
lau-async-tick	crates.io	2026-07-12	True	name=lau-async-tick license=MIT desc=yes
lau-audio	crates.io	2026-07-12	True	name=lau-audio license=MIT desc=yes
lau-banach-agents	crates.io	2026-07-12	True	name=lau-banach-agents license=MIT desc=yes
lau-biome	crates.io	2026-07-12	True	name=lau-biome license=MIT desc=yes
lau-blueprint	crates.io	2026-07-12	True	name=lau-blueprint license=MIT desc=yes
lau-bridge	crates.io	2026-07-12	True	name=lau-bridge license=MIT desc=yes
lau-bridge-pattern-math	crates.io	2026-07-12	True	name=lau-bridge-pattern-math license=MIT desc=yes
lau-bridge-tutor	crates.io	2026-07-12	False	name=lau-bridge-tutor license=MIT desc=NO
lau-bytecode	crates.io	2026-07-12	False	name=lau-bytecode license=MIT desc=NO
lau-calm-crdt	crates.io	2026-06-08	True	name=lau-calm-crdt license=MIT desc=yes
lau-calm-noether	crates.io	2026-07-12	True	name=lau-calm-noether license=MIT desc=yes
lau-camera	crates.io	2026-07-12	True	name=lau-camera license=MIT desc=yes
lau-categorical-homotopy	crates.io	2026-07-12	True	name=lau-categorical-homotopy license=MIT desc=yes
lau-categorical-mechanics	crates.io	2026-07-12	True	name=lau-categorical-mechanics license=MIT desc=yes
lau-category-theory	crates.io	2026-07-12	True	name=lau-category-theory license=MIT desc=yes
lau-challenge	crates.io	2026-07-12	True	name=lau-challenge license=MIT desc=yes
lau-chaos-theory	crates.io	2026-07-12	True	name=lau-chaos-theory license=MIT desc=yes
lau-circuit	crates.io	2026-07-12	True	name=lau-circuit license=MIT desc=yes
lau-closure	crates.io	2026-07-12	True	name=lau-closure license=MIT desc=yes
lau-collab	crates.io	2026-07-12	True	name=lau-collab license=MIT desc=yes
lau-collections	crates.io	2026-07-12	True	name=lau-collections license=MIT desc=yes
lau-combinatorics	crates.io	2026-07-12	True	name=lau-combinatorics license=MIT desc=yes
lau-compilers	crates.io	2026-07-12	True	name=lau-compilers license=MIT desc=yes
lau-complex-agents	crates.io	2026-07-12	True	name=lau-complex-agents license=MIT desc=yes
lau-complex-analysis	crates.io	2026-07-12	True	name=lau-complex-analysis license=MIT desc=yes
lau-compression	crates.io	2026-07-12	True	name=lau-compression license=MIT desc=yes
lau-computer-graphics	crates.io	2026-07-12	True	name=lau-computer-graphics license=MIT desc=yes
lau-computer-vision	crates.io	2026-07-12	True	name=lau-computer-vision license=MIT desc=yes
lau-conformal-agents	crates.io	2026-07-12	True	name=lau-conformal-agents license=MIT desc=yes
lau-connes-spectral-triple	crates.io	2026-07-12	True	name=lau-connes-spectral-triple license=MIT desc=yes
lau-consciousness-bridge	crates.io	2026-07-12	True	name=lau-consciousness-bridge license=MIT desc=yes
lau-conservation-engine	crates.io	2026-07-12	True	name=lau-conservation-engine license=MIT desc=yes
lau-conservation-experiment	crates.io	2026-08-08	True	name=lau-conservation-experiment license=MIT desc=yes
lau-conservation-guard	crates.io	2026-07-12	True	name=lau-conservation-guard license=MIT desc=yes
lau-conservation-laws	crates.io	2026-07-12	True	name=lau-conservation-laws license=MIT desc=yes
lau-conservation-matrix	crates.io	2026-07-12	True	name=lau-conservation-matrix license=MIT desc=yes
lau-conservation-spectral	crates.io	2026-07-12	True	name=lau-conservation-spectral license=MIT desc=yes
lau-constitutive-compute	crates.io	2026-07-12	True	name=lau-constitutive-compute license=MIT desc=yes
lau-construct	crates.io	2026-07-12	True	name=lau-construct license=MIT desc=yes
lau-construct-cli	crates.io	2026-07-12	True	name=lau-construct-cli license=MIT desc=yes
lau-construct-integration	crates.io	2026-07-12	True	name=lau-construct-integration license=MIT desc=yes
lau-construct-integration-v2	crates.io	2026-07-12	True	name=lau-construct-integration-v2 license=MIT desc=yes
lau-contact-agents	crates.io	2026-07-12	True	name=lau-contact-agents license=MIT desc=yes
lau-contact-geometry	crates.io	2026-07-12	True	name=lau-contact-geometry license=MIT desc=yes
lau-control-theory	crates.io	2026-07-12	True	name=lau-control-theory license=MIT desc=yes
lau-control-theory-agents	crates.io	2026-07-12	True	name=lau-control-theory-agents license=MIT desc=yes
lau-convex-optimization	crates.io	2026-06-08	True	name=lau-convex-optimization license=MIT desc=yes
lau-cryptography	crates.io	2026-07-12	True	name=lau-cryptography license=MIT desc=yes
lau-cudaclaw-bridge	crates.io	2026-07-12	True	name=lau-cudaclaw-bridge license=MIT desc=yes
lau-database-theory	crates.io	2026-07-12	True	name=lau-database-theory license=MIT desc=yes
lau-derived-topos	crates.io	2026-07-12	True	name=lau-derived-topos license=MIT desc=yes
lau-destruction-transform	crates.io	2026-07-12	True	name=lau-destruction-transform license=MIT desc=yes
lau-dg-algebra	crates.io	2026-07-12	True	name=lau-dg-algebra license=MIT desc=yes
lau-dialogue	crates.io	2026-07-12	True	name=lau-dialogue license=MIT desc=yes
lau-differential-topology	crates.io	2026-07-12	True	name=lau-differential-topology license=MIT desc=yes
lau-diffusion-agents	crates.io	2026-07-12	True	name=lau-diffusion-agents license=MIT desc=yes
lau-dirichlet-space	crates.io	2026-07-12	True	name=lau-dirichlet-space license=MIT desc=yes
lau-distributed-systems	crates.io	2026-07-12	True	name=lau-distributed-systems license=MIT desc=yes
lau-distribution-agents	crates.io	2026-07-12	True	name=lau-distribution-agents license=MIT desc=yes
lau-domestication	crates.io	2026-07-12	True	name=lau-domestication license=MIT desc=yes
lau-dynamical-algebra	crates.io	2026-07-12	True	name=math license=MIT desc=yes
lau-dynamical-systems	crates.io	2026-07-12	True	name=lau-dynamical-systems license=MIT desc=yes
lau-dynamical-systems-agents	crates.io	2026-07-12	True	name=lau-dynamical-systems-agents license=MIT desc=yes
lau-ecosystem	crates.io	2026-07-12	True	name=lau-ecosystem license=MIT desc=yes
lau-ecosystem-unified	crates.io	2026-07-12	True	name=lau-ecosystem-unified license=MIT desc=yes
lau-ecs	crates.io	2026-07-12	False	name=lau-ecs license=MIT desc=NO
lau-eigenfunction-policy	crates.io	2026-07-12	True	name=lau-eigenfunction-policy license=MIT desc=yes
lau-electromagnetism	crates.io	2026-07-12	True	name=lau-electromagnetism license=MIT desc=yes
lau-ensign	crates.io	2026-07-12	True	name=lau-ensign license=MIT desc=yes
lau-ensign-sdk	crates.io	2026-07-12	True	name=lau-ensign-sdk license=MIT desc=yes
lau-ergodic-gradient	crates.io	2026-07-12	True	name=lau-ergodic-gradient license=MIT desc=yes
lau-ergodic-theory	crates.io	2026-07-12	True	name=lau-ergodic-theory license=MIT desc=yes
lau-error-correcting-codes	crates.io	2026-07-12	True	name=lau-error-correcting-codes license=MIT desc=yes
lau-event-bus	crates.io	2026-07-12	True	name=lau-event-bus license=MIT desc=yes
lau-evolution	crates.io	2026-07-12	True	name=lau-evolution license=MIT desc=yes
lau-evolutionary-computation	crates.io	2026-07-12	True	name=lau-evolutionary-computation license=MIT desc=yes
lau-feedback	crates.io	2026-07-12	True	name=lau-feedback license=MIT desc=yes
lau-ffi-bindings	crates.io	2026-07-12	True	name=lau-ffi-bindings license=MIT desc=yes
lau-fibonacci-growth	crates.io	2026-07-12	True	name=lau-fibonacci-growth license=MIT desc=yes
lau-fixedpoint	crates.io	2026-07-12	True	name=lau-fixedpoint license=MIT desc=yes
lau-fluid-dynamics	crates.io	2026-07-12	True	name=lau-fluid-dynamics license=MIT desc=yes
lau-free-probability	crates.io	2026-07-12	True	name=lau-free-probability license=MIT desc=yes
lau-free-probability-agents	crates.io	2026-07-12	True	name=lau-free-probability-agents license=MIT desc=yes
lau-functional-analysis	crates.io	2026-07-12	True	name=lau-functional-analysis license=MIT desc=yes
lau-functional-programming	crates.io	2026-07-12	True	name=lau-functional-programming license=MIT desc=yes
lau-functor-network	crates.io	2026-07-12	True	name=lau-functor-network license=MIT desc=yes
lau-fuzzy-logic	crates.io	2026-07-12	True	name=lau-fuzzy-logic license=MIT desc=yes
lau-galois-agents	crates.io	2026-07-12	True	name=lau-galois-agents license=MIT desc=yes
lau-game-theory	crates.io	2026-07-12	True	name=lau-game-theory license=MIT desc=yes
lau-game-theory-agents	crates.io	2026-07-12	True	name=lau-game-theory-agents license=MIT desc=yes
lau-gateway-demo	crates.io	2026-07-12	True	name=lau-gateway-demo license=MIT desc=yes
lau-genealogy	crates.io	2026-07-12	False	name=lau-genealogy license=MIT desc=NO
lau-geometric-deep-learning	crates.io	2026-07-12	True	name=lau-geometric-deep-learning license=MIT desc=yes
lau-geometric-growth	crates.io	2026-07-12	True	name=lau-geometric-growth license=MIT desc=yes
lau-geometric-measure	crates.io	2026-07-12	True	name=lau-geometric-measure license=MIT desc=yes
lau-git-agent	crates.io	2026-07-12	True	name=lau-git-agent license=MIT desc=yes
lau-git-render	crates.io	2026-07-12	True	name=lau-git-render license=MIT desc=yes
lau-git-world	crates.io	2026-07-12	True	name=lau-git-world license=MIT desc=yes
lau-glue	crates.io	2026-07-12	True	name=lau-glue license=MIT desc=yes
lau-gpu-compute	crates.io	2026-07-12	True	name=lau-gpu-compute license=MIT desc=yes
lau-gradient-ricci	crates.io	2026-06-08	True	name=lau-gradient-ricci license=MIT desc=yes
lau-grand-unification	crates.io	2026-07-12	True	name=lau-grand-unification license=MIT desc=yes
lau-graph-theory	crates.io	2026-07-12	True	name=lau-graph-theory license=MIT desc=yes
lau-gravity-field	crates.io	2026-07-12	True	name=lau-gravity-field license=MIT desc=yes
lau-griot	crates.io	2026-07-12	True	name=lau-griot license=MIT desc=yes
lau-hardware-abstract	crates.io	2026-07-12	True	name=lau-hardware-abstract license=MIT desc=yes
lau-harmonic-analysis	crates.io	2026-07-12	True	name=lau-harmonic-analysis license=MIT desc=yes
lau-hermes-oracle-boot	crates.io	2026-07-12	True	name=lau-hermes-oracle-boot license=MIT desc=yes
lau-hodge-decomposition-agents	crates.io	2026-07-12	True	name=lau-hodge-decomposition-agents license=MIT desc=yes
lau-hodge-theory	crates.io	2026-07-12	True	name=lau-hodge-theory license=MIT desc=yes
lau-homotopy-type	crates.io	2026-07-12	True	name=lau-homotopy-type license=MIT desc=yes
lau-index-theorem	crates.io	2026-07-12	True	name=lau-index-theorem license=MIT desc=yes
lau-information-geometry	crates.io	2026-07-12	True	name=lau-information-geometry license=MIT desc=yes
lau-information-geometry-agents	crates.io	2026-07-12	True	name=lau-information-geometry-agents license=MIT desc=yes
lau-information-theory	crates.io	2026-07-12	True	name=lau-information-theory license=MIT desc=yes
lau-inheritance	crates.io	2026-07-12	True	name=lau-inheritance license=MIT desc=yes
lau-input	crates.io	2026-07-12	True	name=lau-input license=MIT desc=yes
lau-integration-test	crates.io	2026-07-12	False	name=lau-integration-test license=MIT desc=NO
lau-intention	crates.io	2026-07-12	True	name=lau-intention license=MIT desc=yes
lau-intention-field	crates.io	2026-07-12	True	name=lau-intention-field license=MIT desc=yes
lau-inter-shell	crates.io	2026-07-12	True	name=lau-inter-shell license=MIT desc=yes
lau-jepa-gravity	crates.io	2026-07-12	True	name=lau-jepa-gravity license=MIT desc=yes
lau-kahler-agents	crates.io	2026-07-12	True	name=lau-kahler-agents license=MIT desc=yes
lau-kahler-geometry	crates.io	2026-07-12	True	name=lau-kahler-geometry license=MIT desc=yes
lau-kalman-hodge	crates.io	2026-07-12	True	name=lau-kalman-hodge license=MIT desc=yes
lau-kintsugi	crates.io	2026-07-12	True	name=lau-kintsugi license=MIT desc=yes
lau-kintsugi-runtime	crates.io	2026-07-12	True	name=lau-kintsugi-runtime license=MIT desc=yes
lau-koopman-agents	crates.io	2026-07-12	True	name=lau-koopman-agents license=MIT desc=yes
lau-landauer-meter	crates.io	2026-07-12	True	name=lau-landauer-meter license=MIT desc=yes
lau-leaderboard	crates.io	2026-07-12	False	name=lau-leaderboard license=MIT desc=NO
lau-leverage-singularity	crates.io	2026-07-12	True	name=lau-leverage-singularity license=MIT desc=yes
lau-lie-algebra	crates.io	2026-07-12	False	name=lau-lie-algebra license=None desc=NO
lau-lie-group-agents	crates.io	2026-07-12	True	name=lau-lie-group-agents license=MIT desc=yes
lau-linear-systems	crates.io	2026-07-12	True	name=lau-linear-systems license=MIT desc=yes
lau-logic-foundations	crates.io	2026-07-12	True	name=lau-logic-foundations license=MIT desc=yes
lau-math-wasm	crates.io	2026-07-12	True	name=lau-math-wasm license=MIT desc=yes
lau-matrix-analysis	crates.io	2026-07-12	True	name=lau-matrix-analysis license=MIT desc=yes
lau-mean-field-agents	crates.io	2026-07-12	True	name=lau-mean-field-agents license=MIT desc=yes
lau-measure-agents	crates.io	2026-07-12	True	name=lau-measure-agents license=MIT desc=yes
lau-measure-theory	crates.io	2026-07-12	True	name=lau-measure-theory license=MIT desc=yes
lau-memory-arena	crates.io	2026-06-11	True	name=lau-memory-arena license=MIT OR Apache-2.0 desc=yes
lau-memory-tiles	crates.io	2026-07-12	True	name=lau-memory-tiles license=MIT desc=yes
lau-mirror-control	crates.io	2026-07-12	True	name=lau-mirror-control license=MIT desc=yes
lau-mirror-symmetry	crates.io	2026-07-12	True	name=lau-mirror-symmetry license=MIT desc=yes
lau-mission	crates.io	2026-07-12	True	name=lau-mission license=MIT desc=yes
lau-modular-agents	crates.io	2026-07-12	True	name=lau-modular-agents license=MIT desc=yes
lau-morse-homology-agents	crates.io	2026-07-12	True	name=lau-morse-homology-agents license=MIT desc=yes
lau-morse-theory	crates.io	2026-07-12	True	name=lau-morse-theory license=MIT desc=yes
lau-murmur-protocol-v2	crates.io	2026-07-12	True	name=lau-murmur-protocol-v2 license=MIT desc=yes
lau-narrator	crates.io	2026-07-12	True	name=lau-narrator license=MIT desc=yes
lau-natural-language	crates.io	2026-07-12	True	name=lau-natural-language license=MIT desc=yes
lau-naturality-boundary	crates.io	2026-07-12	True	name=lau-naturality-boundary license=MIT desc=yes
lau-network-science	crates.io	2026-07-12	True	name=lau-network-science license=MIT desc=yes
lau-neural-networks	crates.io	2026-07-12	True	name=lau-neural-networks license=MIT desc=yes
lau-noether-agents	crates.io	2026-07-12	True	name=lau-noether-agents license=MIT desc=yes
lau-noise	crates.io	2026-07-12	False	name=lau-noise license=MIT desc=NO
lau-noncommutative-agents	crates.io	2026-07-12	True	name=lau-noncommutative-agents license=MIT desc=yes
lau-number-theory	crates.io	2026-07-12	True	name=lau-number-theory license=MIT desc=yes
lau-numerical-agents	crates.io	2026-07-12	True	name=lau-numerical-agents license=MIT desc=yes
lau-numerical-linear-algebra	crates.io	2026-07-12	True	name=lau-numerical-linear-algebra license=MIT desc=yes
lau-numerical-pde	crates.io	2026-07-12	True	name=lau-numerical-pde license=MIT desc=yes
lau-observation-control	crates.io	2026-07-12	True	name=lau-observation-control license=MIT desc=yes
lau-onboarding	crates.io	2026-07-12	True	name=lau-onboarding license=MIT desc=yes
lau-operating-systems	crates.io	2026-07-12	True	name=lau-operating-systems license=MIT desc=yes
lau-optimal-control	crates.io	2026-07-12	True	name=lau-optimal-control license=MIT desc=yes
lau-optimal-transport-agents	crates.io	2026-07-12	True	name=lau-optimal-transport-agents license=MIT desc=yes
lau-optimization	crates.io	2026-07-12	True	name=lau-optimization license=MIT desc=yes
lau-palaver	crates.io	2026-07-12	True	name=lau-palaver license=MIT desc=yes
lau-pde-agents	crates.io	2026-07-12	True	name=lau-pde-agents license=MIT desc=yes
lau-penrose	crates.io	2026-07-12	True	name=lau-penrose license=MIT desc=yes
lau-penrose-growth	crates.io	2026-07-12	True	name=lau-penrose-growth license=MIT desc=yes
lau-penrose-v2	crates.io	2026-07-12	True	name=lau-penrose-v2 license=MIT desc=yes
lau-persistence-experiment	crates.io	2026-07-12	True	name=lau-persistence-experiment license=MIT desc=yes
lau-persistent-homology	crates.io	2026-07-12	True	name=lau-persistent-homology license=MIT desc=yes
lau-pet	crates.io	2026-07-12	True	name=lau-pet license=MIT desc=yes
lau-physics	crates.io	2026-07-12	True	name=lau-physics license=MIT desc=yes
lau-plato-integration	crates.io	2026-07-12	True	name=lau-plato-integration license=MIT desc=yes
lau-plato-nervous	crates.io	2026-07-12	True	name=lau-plato-nervous license=MIT desc=yes
lau-plato-tutor	crates.io	2026-07-12	True	name=lau-plato-tutor license=MIT desc=yes
lau-polyglot-tradition	crates.io	2026-07-12	True	name=lau-polyglot-tradition license=MIT desc=yes
lau-port	crates.io	2026-07-12	True	name=lau-port license=MIT desc=yes
lau-port-v2	crates.io	2026-07-12	True	name=lau-port-v2 license=MIT desc=yes
lau-prerequisite	crates.io	2026-07-12	True	name=lau-prerequisite license=MIT desc=yes
lau-probability-agents	crates.io	2026-07-12	True	name=lau-probability-agents license=MIT desc=yes
lau-probability-theory	crates.io	2026-07-12	True	name=lau-probability-theory license=MIT desc=yes
lau-protocol	crates.io	2026-07-12	True	name=lau-protocol license=MIT desc=yes
lau-protocol-binary	crates.io	2026-07-12	True	name=lau-protocol-binary license=MIT desc=yes
lau-provenance	crates.io	2026-07-12	True	name=lau-provenance license=MIT desc=yes
lau-provenance-chain	crates.io	2026-07-12	True	name=lau-provenance-chain license=MIT desc=yes
lau-provider	crates.io	2026-07-12	True	name=lau-provider license=MIT desc=yes
lau-quantum-groups-agents	crates.io	2026-07-12	True	name=lau-quantum-groups-agents license=MIT desc=yes
lau-quantum-topology	crates.io	2026-07-12	True	name=lau-quantum-topology license=MIT desc=yes
lau-quantum-topology-agents	crates.io	2026-07-12	True	name=lau-quantum-topology-agents license=MIT desc=yes
lau-quest	crates.io	2026-07-12	True	name=lau-quest license=MIT desc=yes
lau-queueing-theory	crates.io	2026-07-12	True	name=lau-queueing-theory license=MIT desc=yes
lau-quipu	crates.io	2026-07-12	True	name=lau-quipu license=MIT desc=yes
lau-recipe	crates.io	2026-07-12	False	name=lau-recipe license=MIT desc=NO
lau-reinforcement-learning	crates.io	2026-07-12	True	name=lau-reinforcement-learning license=MIT desc=yes
lau-reinforcement-learning-advanced	crates.io	2026-07-12	True	name=lau-reinforcement-learning-advanced license=MIT desc=yes
lau-relativity	crates.io	2026-07-12	True	name=lau-relativity license=MIT desc=yes
lau-render	crates.io	2026-07-12	True	name=lau-render license=MIT desc=yes
lau-renormalization	crates.io	2026-07-12	True	name=lau-renormalization license=MIT desc=yes
lau-renormalization-agents	crates.io	2026-07-12	True	name=lau-renormalization-agents license=MIT desc=yes
lau-replay	crates.io	2026-07-12	False	name=lau-replay license=MIT desc=NO
lau-representation-theory	crates.io	2026-07-12	True	name=lau-representation-theory license=MIT desc=yes
lau-reputation	crates.io	2026-07-12	True	name=lau-reputation license=MIT desc=yes
lau-resolvent-leverage	crates.io	2026-07-12	True	name=lau-resolvent-leverage license=MIT desc=yes
lau-reward-hacking-detector	crates.io	2026-06-08	True	name=lau-reward-hacking-detector license=MIT desc=yes
lau-rhythm-nation	crates.io	2026-07-12	True	name=lau-rhythm-nation license=MIT desc=yes
lau-ricci-curvature-agents	crates.io	2026-07-12	True	name=lau-ricci-curvature-agents license=MIT desc=yes
lau-ricci-flow-agents	crates.io	2026-07-12	True	name=lau-ricci-flow-agents license=MIT desc=yes
lau-ringbuf	crates.io	2026-07-12	True	name=lau-ringbuf license=MIT desc=yes
lau-robotics	crates.io	2026-07-12	True	name=lau-robotics license=MIT desc=yes
lau-room-acoustics	crates.io	2026-07-12	True	name=lau-room-acoustics license=MIT desc=yes
lau-room-native	crates.io	2026-07-12	True	name=lau-room-native license=MIT desc=yes
lau-scheduler	crates.io	2026-07-12	False	name=lau-scheduler license=MIT desc=NO
lau-scheduling-theory	crates.io	2026-07-12	True	name=lau-scheduling-theory license=MIT desc=yes
lau-self-aware-agent	crates.io	2026-07-12	True	name=lau-self-aware-agent license=MIT desc=yes
lau-self-modeling	crates.io	2026-07-12	True	name=lau-self-modeling license=MIT desc=yes
lau-serialization	crates.io	2026-07-12	False	name=lau-serialization license=MIT desc=NO
lau-session	crates.io	2026-07-12	False	name=lau-session license=MIT desc=NO
lau-seven-eyes-demo	crates.io	2026-07-12	True	name=lau-seven-eyes-demo license=MIT desc=yes
lau-sheaf-automata	crates.io	2026-07-12	True	name=lau-sheaf-automata license=MIT desc=yes
lau-sheaf-cohomology	crates.io	2026-07-12	True	name=lau-sheaf-cohomology license=MIT desc=yes
lau-sheaf-learning	crates.io	2026-07-12	True	name=lau-sheaf-learning license=MIT desc=yes
lau-sheaf-neural	crates.io	2026-07-12	True	name=lau-sheaf-neural license=MIT desc=yes
lau-sheaf-spectrum	crates.io	2026-07-12	True	name=lau-sheaf-spectrum license=MIT desc=yes
lau-shell-interface	crates.io	2026-07-12	True	name=lau-shell-interface license=MIT desc=yes
lau-shell-kernel	crates.io	2026-07-12	True	name=lau-shell-kernel license=MIT desc=yes
lau-shell-lifecycle	crates.io	2026-07-12	True	name=lau-shell-lifecycle license=MIT desc=yes
lau-shell-spawn	crates.io	2026-07-12	True	name=lau-shell-spawn license=MIT desc=yes
lau-shell-transport	crates.io	2026-07-12	True	name=lau-shell-transport license=MIT desc=yes
lau-sia2-engine	crates.io	2026-07-12	True	name=lau-sia2-engine license=MIT desc=yes
lau-sia2-engine-wasm	crates.io	2026-07-12	True	name=lau-sia2-engine-wasm license=MIT desc=yes
lau-signal-processing	crates.io	2026-07-12	True	name=lau-signal-processing license=MIT desc=yes
lau-signal-processing-agents	crates.io	2026-07-12	True	name=lau-signal-processing-agents license=MIT desc=yes
lau-simd-vibe	crates.io	2026-07-12	True	name=lau-simd-vibe license=MIT desc=yes
lau-singular-spde	crates.io	2026-07-12	True	name=lau-singular-spde license=MIT desc=yes
lau-skilltree	crates.io	2026-07-12	True	name=lau-skilltree license=MIT desc=yes
lau-sobolev-agents	crates.io	2026-07-12	True	name=lau-sobolev-agents license=MIT desc=yes
lau-solid-mechanics	crates.io	2026-07-12	True	name=lau-solid-mechanics license=MIT desc=yes
lau-songline	crates.io	2026-07-12	True	name=lau-songline license=MIT desc=yes
lau-soundtrack	crates.io	2026-07-12	True	name=lau-soundtrack license=MIT desc=yes
lau-spatial	crates.io	2026-07-12	True	name=lau-spatial license=MIT desc=yes
lau-spectral-agent	crates.io	2026-07-12	True	name=lau-spectral-agent license=MIT desc=yes
lau-spectral-gap-experiment	crates.io	2026-07-12	True	name=lau-spectral-gap-experiment license=MIT desc=yes
lau-spectral-graph-agent	crates.io	2026-07-12	False	name=lau-spectral-graph-agent license=MIT desc=NO
lau-spectral-zeta	crates.io	2026-07-12	True	name=lau-spectral-zeta license=MIT desc=yes
lau-state-machine	crates.io	2026-07-12	True	name=lau-state-machine license=MIT desc=yes
lau-statistical-learning	crates.io	2026-07-12	True	name=lau-statistical-learning license=MIT desc=yes
lau-stochastic-geometry	crates.io	2026-07-12	True	name=lau-stochastic-geometry license=MIT desc=yes
lau-stochastic-homotopy	crates.io	2026-07-12	True	name=lau-stochastic-homotopy license=MIT desc=yes
lau-stochastic-processes	crates.io	2026-07-12	True	name=lau-stochastic-processes license=MIT desc=yes
lau-supergeometry	crates.io	2026-07-12	True	name=lau-supergeometry license=MIT desc=yes
lau-swarm-intelligence	crates.io	2026-07-12	True	name=lau-swarm-intelligence license=MIT desc=yes
lau-symmetry-engine	crates.io	2026-07-12	True	name=lau-symmetry-engine license=MIT desc=yes
lau-symplectic-agent	crates.io	2026-07-12	True	name=lau-symplectic-agent license=MIT desc=yes
lau-symplectic-geometry	crates.io	2026-07-12	True	name=lau-symplectic-geometry license=MIT desc=yes
lau-symplectic-topology	crates.io	2026-07-12	True	name=lau-symplectic-topology license=MIT desc=yes
lau-teleomorphic	crates.io	2026-07-12	True	name=lau-teleomorphic license=MIT desc=yes
lau-tensor-analysis	crates.io	2026-07-12	True	name=lau-tensor-analysis license=MIT desc=yes
lau-tensor-midi	crates.io	2026-07-12	True	name=lau-tensor-midi license=MIT desc=yes
lau-terrain	crates.io	2026-07-12	True	name=lau-terrain license=MIT desc=yes
lau-thermal-rl	crates.io	2026-07-12	True	name=lau-thermal-rl license=MIT desc=yes
lau-thermodynamics	crates.io	2026-07-12	True	name=lau-thermodynamics license=MIT desc=yes
lau-tick-runtime	crates.io	2026-07-12	True	name=lau-tick-runtime license=MIT desc=yes
lau-tile-compress	crates.io	2026-07-12	True	name=lau-tile-compress license=MIT desc=yes
lau-tile-store	crates.io	2026-07-12	True	name=lau-tile-store license=MIT desc=yes
lau-time	crates.io	2026-07-12	True	name=lau-time license=MIT desc=yes
lau-time-series	crates.io	2026-07-12	True	name=lau-time-series license=MIT desc=yes
lau-tminus	crates.io	2026-07-12	True	name=lau-tminus license=MIT desc=yes
lau-token-economy	crates.io	2026-07-12	True	name=lau-token-economy license=MIT desc=yes
lau-topological-data-analysis	crates.io	2026-06-08	True	name=lau-topological-data-analysis license=MIT desc=yes
lau-trace-monoid	crates.io	2026-07-12	True	name=lau-trace-monoid license=MIT desc=yes
lau-trading	crates.io	2026-07-12	False	name=lau-trading license=MIT desc=NO
lau-tradition-proof	crates.io	2026-07-12	True	name=lau-tradition-proof license=MIT desc=yes
lau-training-room	crates.io	2026-07-12	True	name=lau-training-room license=MIT desc=yes
lau-tropical-agent	crates.io	2026-07-12	True	name=lau-tropical-agent license=MIT desc=yes
lau-tropical-geometry	crates.io	2026-07-12	True	name=lau-tropical-geometry license=MIT desc=yes
lau-tropical-geometry-agents	crates.io	2026-07-12	True	name=lau-tropical-geometry-agents license=MIT desc=yes
lau-ts-bridge	npm	2026-07-12	True	name=lau-ts-bridge v=0.1.0 private=False
lau-tutorial	crates.io	2026-07-12	True	name=lau-tutorial license=MIT desc=yes
lau-twistor-agents	crates.io	2026-07-12	True	name=lau-twistor-agents license=MIT desc=yes
lau-varadhan-transport	crates.io	2026-07-12	True	name=lau-varadhan-transport license=MIT desc=yes
lau-variational-methods	crates.io	2026-07-12	True	name=lau-variational-methods license=MIT desc=yes
lau-vibe-compiler	crates.io	2026-07-12	True	name=lau-vibe-compiler license=MIT desc=yes
lau-vibe-field	crates.io	2026-07-12	True	name=lau-vibe-field license=MIT desc=yes
lau-vibe-visualizer	crates.io	2026-07-12	True	name=lau-vibe-visualizer license=MIT desc=yes
lau-voice	crates.io	2026-07-12	True	name=lau-voice license=MIT desc=yes
lau-voxel	crates.io	2026-07-12	True	name=lau-voxel license=MIT desc=yes
lau-wasm-bridge	crates.io	2026-07-12	True	name=lau-wasm-bridge license=MIT desc=yes
lau-weather	crates.io	2026-07-12	True	name=lau-weather license=MIT desc=yes
lau-witten-reward	crates.io	2026-07-12	True	name=lau-witten-reward license=MIT desc=yes
lau-worldgen	crates.io	2026-07-12	True	name=lau-worldgen license=MIT desc=yes
laya4quilt	pypi	2026-09-26	True	name=laya v=0.3.5
lever-runner	pypi	2026-08-08	True	name=lever-runner v=1.0.0
lever-runner-carapace	crates.io	2026-06-13	True	name=lever-runner-carapace license=MIT desc=yes
lever-runner-wasm	crates.io	2026-06-13	True	name=lever-runner-wasm license=MIT desc=yes
license-compliance	crates.io	2026-06-10	True	name=license-compliance license=MIT desc=yes
lie-algebra	crates.io	2026-07-12	True	name=lie-algebra license=MIT OR Apache-2.0 desc=yes
lighthouse-cli-early-version	crates.io	2026-07-12	True	name=lighthouse-cli license=MIT OR Apache-2.0 desc=yes
limits-colimits	crates.io	2026-07-12	True	name=limits-colimits license=MIT OR Apache-2.0 desc=yes
line-sweep-rs	crates.io	2026-07-12	True	name=line-sweep-rs license=MIT OR Apache-2.0 desc=yes
lineage-tracker	pypi	2026-07-20	True	name=si-lineage-tracker v=0.1.3
linear-algebra-rs	crates.io	2026-07-12	True	name=linear-algebra-rs license=MIT OR Apache-2.0 desc=yes
lingbot-map	pypi	2026-08-14	True	name=lingbot-map v=0.1.0
liteparse-coverage	crates.io	2026-07-12	True	name=liteparse-coverage license=MIT OR Apache-2.0 desc=yes
live-canon-gh	npm	2026-09-20	True	name=@superinstance/live-canon-gh v=0.2.1 private=False
live-canon-npm	npm	2026-09-20	True	name=@superinstance/live-canon v=0.3.0 private=False
llm-proxy	pypi	2026-06-13	True	name=llm-proxy v=0.1.0
llvm-project	pypi	2026-06-08	True	name=LLVM v=None
local-vector-search	crates.io	2026-06-10	True	name=local-vector-search license=MIT desc=yes
log-aggregator	crates.io	2026-07-12	True	name=log-aggregator license=MIT OR Apache-2.0 desc=yes
logic-foundations	crates.io	2026-07-12	True	name=logic-foundations license=MIT OR Apache-2.0 desc=yes
logtensor	pypi	2026-08-09	True	name=logtensor v=0.1.0
loom-core	npm	2026-09-25	True	name=loom-core v=0.1.0 private=False
loom-weave	crates.io	2026-07-12	True	name=loom-weave license=MIT desc=yes
lotka-beats	crates.io	2026-06-09	True	name=lotka-beats license=MIT desc=yes
lotka-volterra-agents	crates.io	2026-06-09	True	name=lotka-volterra-agents license=MIT desc=yes
lsm-tree	crates.io	2026-07-12	True	name=lsm-tree license=MIT desc=yes
ltl-spec	crates.io	2026-07-12	True	name=ltl-spec license=MIT OR Apache-2.0 desc=yes
lucid	pypi	2026-09-17	True	name=lucid-dreamer v=0.1.0
lucid-dreamer	pypi	2026-08-13	True	name=lucid-dreamer v=0.1.0
lucid-dreamer-interactive	npm	2026-08-14	True	name=luciddreamer-interactive v=1.0.0 private=False
lucid-tutor	crates.io	2026-07-12	True	name=lucid-tutor license=MIT desc=yes
luciddreamer-agent	pypi	2026-08-21	True	name=luciddreamer-agent v=0.2.2
luciddreamer-ai	npm	2026-08-23	False	name=podcast-ai v=0.1.0 private=True
luciddreamer-os	npm	2026-08-14	True	name=luciddreamer-os v=1.0.0 private=False
lucineer-com	npm	2026-06-14	False	name=None v=None private=False
lucineer-creative	pypi	2026-08-21	True	name=lucineer-creative v=0.1.0
lucineer-flagship	npm	2026-08-14	True	name=cocapn-vessel v=0.1.0 private=False
lucineer-memory	npm	2026-08-21	False	name=lucineer-memory v=1.0.0 private=True
lucineer-relay	npm	2026-09-04	False	name=lucineer-worker v=1.0.0 private=True
lucineer-relay	pypi	2026-09-04	True	name=lucineer-worker v=0.2.0
lucineer-vector	npm	2026-08-21	False	name=lucineer-vector v=1.0.0 private=True
mac-digest	crates.io	2026-07-12	True	name=mac-digest license=MIT OR Apache-2.0 desc=yes
madlibs-gan-npm	npm	2026-09-22	True	name=@superinstance/madlibs-gan v=0.1.0 private=False
makerlog-agent	pypi	2026-07-12	True	name=makerlog-agent v=0.2.0
mapper-agent	crates.io	2026-07-12	True	name=mapper-agent license=MIT desc=yes
mapper-graph	crates.io	2026-07-12	True	name=mapper-graph license=MIT desc=yes
markdown-agent-studio	npm	2026-06-08	True	name=markdown-agent-studio v=0.6.8 private=False
markov-blanket	crates.io	2026-07-12	True	name=markov-blanket license=MIT desc=yes
markov-chain	crates.io	2026-07-12	True	name=markov-chain license=MIT OR Apache-2.0 desc=yes
markov-chain-rs	crates.io	2026-06-09	True	name=markov-chain-rs license=MIT OR Apache-2.0 desc=yes
matrix-rs	crates.io	2026-07-12	True	name=matrix-rs license=MIT OR Apache-2.0 desc=yes
mavis-substrate-walker	pypi	2026-09-25	True	name=mavis-substrate-walker v=0.1.0
mcp-room-wrapper	crates.io	2026-07-12	False	name=mcp-room-wrapper license=MIT desc=NO
measure-theory	crates.io	2026-07-12	True	name=measure-theory license=MIT OR Apache-2.0 desc=yes
mechanism-design	crates.io	2026-06-08	True	name=mechanism-design license=MIT OR Apache-2.0 desc=yes
meilisearch	crates.io	2026-06-08	False	name=None license=None desc=NO
memory-crystal-early-version	crates.io	2026-07-12	True	name=memory-crystal license=MIT desc=yes
memory-palace	crates.io	2026-07-12	True	name=memory-palace license=MIT desc=yes
memory-plimpsest	crates.io	2026-07-12	True	name=memory-plimpsest license=MIT desc=yes
mentis-superinstance	pypi	2026-08-22	True	name=mentis-superinstance v=1.0.0-superinstance
mentis-thinker-adapter	pypi	2026-08-05	True	name=mentis-thinker-adapter v=0.1.0
merkle-tree	crates.io	2026-07-12	True	name=merkle-tree license=MIT OR Apache-2.0 desc=yes
meta-agent	crates.io	2026-06-10	True	name=meta-agent license=MIT desc=yes
metal-cli	crates.io	2026-07-12	True	name=metal-cli license=MIT desc=yes
metal-integration	crates.io	2026-07-12	True	name=metal-integration license=MIT desc=yes
micro-onnx	pypi	2026-07-12	True	name=micro-onnx v=0.1.0
midden	npm	2026-09-22	False	name=midden v=0.1.0 private=True
midi-flux-bridge	crates.io	2026-06-13	True	name=midi-flux-bridge license=MIT desc=yes
mist-game	npm	2026-08-26	False	name=mist-game v=0.2.1 private=True
mist-lab	npm	2026-08-23	False	name=mist-lab v=1.0.0 private=True
mist-quilt	npm	2026-08-22	False	name=mist-quilt v=0.1.0 private=True
mist-voice	npm	2026-08-23	True	name=mist-voice v=1.0.0 private=False
model-check	crates.io	2026-07-12	True	name=model-check license=MIT OR Apache-2.0 desc=yes
model-registry-archive	crates.io	2026-09-22	False	name=model-registry license=None desc=NO
modem-core	crates.io	2026-07-12	True	name=modem-core license=MIT OR Apache-2.0 desc=yes
modular-arithmetic	crates.io	2026-07-12	True	name=modular-arithmetic license=MIT desc=yes
module-registry	npm	2026-07-18	True	name=module-registry v=0.1.0 private=False
moe-sheaf	pypi	2026-06-08	True	name=moe-sheaf v=0.1.0
monad-composition	crates.io	2026-06-08	True	name=monad-composition license=MIT desc=yes
monte-carlo-rs	crates.io	2026-07-12	True	name=monte-carlo-rs license=MIT OR Apache-2.0 desc=yes
moo	npm	2026-06-08	True	name=moo v=0.5.2 private=False
morphogenesis	crates.io	2026-07-12	True	name=morphogenesis license=MIT desc=yes
morse-theory	crates.io	2026-07-12	True	name=morse-theory license=MIT OR Apache-2.0 desc=yes
moth-cells	pypi	2026-09-23	True	name=moth-cells v=0.1.0
moth-corpus	pypi	2026-09-23	True	name=moth-corpus v=0.1.0
moth-honest	pypi	2026-09-23	True	name=moth-honest v=0.1.0
moth-ledger	pypi	2026-09-23	True	name=moth-ledger v=0.1.0
moth-runner	pypi	2026-09-23	True	name=moth-runner v=0.1.0
moth-waveform	pypi	2026-09-26	True	name=moth-waveform v=0.2.0
motion-planning	crates.io	2026-07-12	True	name=robo-motion-planning license=MIT desc=yes
mud-arena	pypi	2026-08-21	True	name=mud-arena v=0.1.0
mud2scummvm	crates.io	2026-09-03	True	name=mud2scummvm license=Apache-2.0 desc=yes
mudra-bridge-core	npm	2026-09-04	True	name=@superinstance/mudra-bridge-core v=0.1.0 private=False
multi-armed-bandit	crates.io	2026-07-12	True	name=multi-armed-bandit license=MIT desc=yes
multiagent-project-archive	pypi	2026-09-20	True	name=multiagent v=0.1.0
murmur-agent	npm	2026-08-27	True	name=murmur-agent v=0.1.0 private=False
murmur-protocol	crates.io	2026-07-12	False	name=murmur_protocol license=MIT desc=NO
murmur-protocol-v2	crates.io	2026-07-12	True	name=murmur-protocol-v2 license=MIT desc=yes
music-vibe-experiments	crates.io	2026-07-12	True	name=music-vibe-experiments license=MIT desc=yes
musician-soul	crates.io	2026-09-19	True	name=musician-soul license=MIT OR Apache-2.0 desc=yes
musician-soul-v2	crates.io	2026-06-11	True	name=musician-soul-v2 license=MIT OR Apache-2.0 desc=yes
mux-demux	crates.io	2026-07-12	True	name=mux-demux license=MIT OR Apache-2.0 desc=yes
mvcc-tx	crates.io	2026-07-12	True	name=mvcc-tx license=MIT desc=yes
mycelium-route	crates.io	2026-07-12	True	name=mycelium-route license=MIT desc=yes
nanochat	pypi	2026-06-08	True	name=nanochat v=0.1.0
narrative-field	crates.io	2026-07-12	True	name=narrative-field license=MIT desc=yes
nash-finder	crates.io	2026-07-12	True	name=nash-finder license=MIT desc=yes
negative-space-core	crates.io	2026-06-13	True	name=negative-space-core license=MIT desc=yes
negative-space-core-python	pypi	2026-06-13	True	name=negative-space-core v=0.1.0
negative-space-testing	crates.io	2026-06-08	True	name=negative-space-testing license=MIT desc=yes
nerve-agent	crates.io	2026-07-12	True	name=nerve-agent license=MIT desc=yes
network-flow	crates.io	2026-07-12	True	name=network-flow license=MIT desc=yes
network-science	crates.io	2026-07-12	True	name=network-science license=MIT OR Apache-2.0 desc=yes
neural-crest	crates.io	2026-07-12	True	name=neural-crest license=MIT desc=yes
neural-plato	crates.io	2026-07-12	True	name=neural-plato license=MIT desc=yes
next.js	crates.io	2026-06-08	False	name=None license=None desc=NO
next.js	npm	2026-06-08	False	name=nextjs-project v=0.0.0 private=True
nexus-git-agent	npm	2026-08-21	True	name=nexus-git-agent v=1.0.0 private=False
neyman-pearson-gap	crates.io	2026-07-12	False	name=neyman-pearson-gap license=MIT desc=NO
night-city	npm	2026-09-22	False	name=night-city v=0.0.0 private=True
night-wheel	pypi	2026-07-12	True	name=night-wheel v=0.1.0
noether-bridge	crates.io	2026-06-14	True	name=noether-bridge license=MIT desc=yes
noether-guard	crates.io	2026-06-09	True	name=noether-guard license=MIT desc=yes
noise-gen-rs	crates.io	2026-07-12	True	name=noise-gen-rs license=MIT OR Apache-2.0 desc=yes
normal-form	crates.io	2026-07-12	True	name=normal-form license=MIT OR Apache-2.0 desc=yes
notebooklm-bridge	crates.io	2026-07-12	False	name=notebooklm-bridge license=MIT desc=NO
number-theory	crates.io	2026-07-12	True	name=numtheory license=MIT OR Apache-2.0 desc=yes
number-theory-core	crates.io	2026-07-12	True	name=number-theory-core license=MIT desc=yes
numeric-integration-rs	crates.io	2026-07-12	True	name=numeric-integration license=MIT OR Apache-2.0 desc=yes
numerics-interp	crates.io	2026-07-12	True	name=numerics-interp license=MIT OR Apache-2.0 desc=yes
numerics-ode	crates.io	2026-07-12	True	name=numerics-ode license=MIT OR Apache-2.0 desc=yes
observation-primitive	npm	2026-09-21	True	name=@superinstance/observation-primitive v=0.1.0 private=False
observation-primitive-rs	crates.io	2026-09-22	True	name=observation-primitive license=MIT desc=yes
ode-solver	crates.io	2026-07-12	True	name=ode-solver license=MIT OR Apache-2.0 desc=yes
officers-quarters	npm	2026-08-22	True	name=officers-quarters v=1.0.0 private=False
onboard-demo	npm	2026-07-12	True	name=test-onboard-app v=1.0.0 private=False
opcode-canon	npm	2026-09-22	True	name=@superinstance/opcode-canon v=0.1.0 private=False
open-application	crates.io	2026-06-09	False	name=None license=None desc=NO
open-application	npm	2026-06-09	False	name=tauri-workspace v=0.0.0 private=True
open-iterator	crates.io	2026-06-11	True	name=lapce license={ workspace = true } desc=yes
open-mind	crates.io	2026-08-04	True	name=open-mind-capability-discovery license=MIT desc=yes
open-mind	pypi	2026-08-04	True	name=open-mind v=0.1.7
open-mythos-edge	pypi	2026-08-21	True	name=open-mythos-edge v=0.1.0
open-parallel	crates.io	2026-06-08	False	name=None license=None desc=NO
open-tui	crates.io	2026-06-08	False	name=None license=None desc=NO
open-vectors	pypi	2026-06-10	False	name=None v=None
open-webui	npm	2026-06-08	False	name=open-webui v=0.9.6 private=True
open-webui	pypi	2026-06-08	True	name=open-webui v=None
openPlan3D	npm	2026-08-28	False	name=open3dfloorplan v=0.9.0 private=True
openconstruct-abi	crates.io	2026-07-12	False	name=openconstruct-abi license=MIT desc=NO
openconstruct-catalog	crates.io	2026-07-12	True	name=openconstruct-catalog license=MIT desc=yes
openconstruct-hub	crates.io	2026-07-12	False	name=None license=None desc=NO
openconstruct-hub	npm	2026-07-12	True	name=@superinstance/openconstruct-hub v=0.1.0 private=False
openconstruct-jupyter	pypi	2026-07-12	True	name=openconstruct-jupyter v=0.1.0
openconstruct-kernel	crates.io	2026-07-12	True	name=openconstruct-kernel license=MIT desc=yes
openconstruct-modular	crates.io	2026-07-12	False	name=None license=None desc=NO
openconstruct-rust	crates.io	2026-07-13	True	name=openconstruct license=MIT desc=yes
openmind	pypi	2026-06-10	True	name=openmind v=0.1.0
openmind-cellular	pypi	2026-06-13	True	name=openmind-cellular v=0.1.0
openmind-conductor	crates.io	2026-06-13	True	name=openmind-conductor license=MIT desc=yes
openmind-esp32-bridge	crates.io	2026-06-13	True	name=openmind-esp32-bridge license=MIT desc=yes
openmind-mirror	crates.io	2026-06-13	True	name=openmind-mirror license=MIT desc=yes
openrooms	crates.io	2026-08-07	True	name=openrooms license=MIT desc=yes
openrooms	pypi	2026-08-07	True	name=openrooms v=0.1.0
operational-fiction	pypi	2026-08-30	True	name=operational-fiction v=0.2.0
optimal-control	crates.io	2026-07-12	True	name=optimal-control license=MIT OR Apache-2.0 desc=yes
optimal-transport-agents-rs	crates.io	2026-07-12	True	name=optimal-transport-agents license=MIT desc=yes
optimal-transport-rs	crates.io	2026-07-12	True	name=optimal-transport-rs license=MIT desc=yes
optimization-algorithms	crates.io	2026-07-12	True	name=optimization-algorithms license=MIT OR Apache-2.0 desc=yes
oracle-relay	npm	2026-07-17	True	name=oracle-relay v=0.1.0 private=False
oracle-tui	npm	2026-07-12	True	name=oracle-tui v=0.1.0 private=False
oracle1-chronicle	pypi	2026-07-12	True	name=oracle1-chronicle v=0.1.0
oracle1-vessel	pypi	2026-08-21	True	name=lighthouse v=1.0.0
oracle1-workspace	pypi	2026-06-13	True	name=quartermaster-gc v=0.1.0
oracle2	crates.io	2026-07-12	True	name=oracle2 license=MIT OR Apache-2.0 desc=yes
ordewell4quilt	npm	2026-09-22	False	name=ordewell-monorepo v=0.4.19 private=True
os-concepts	crates.io	2026-07-12	True	name=os-concepts license=MIT OR Apache-2.0 desc=yes
othismos	pypi	2026-07-20	True	name=othismos v=0.4.1
othismos-llm	pypi	2026-07-17	True	name=othismos-llm v=0.1.0
othismos-reef	pypi	2026-07-17	True	name=othismos-reef v=0.1.0
ouroboros	pypi	2026-07-12	True	name=ouroboros v=6.36.1
oxide-barrier	crates.io	2026-06-13	True	name=oxide-barrier license=Apache-2.0 desc=yes
oxide-canary	crates.io	2026-06-11	True	name=oxide-canary license=MIT OR Apache-2.0 desc=yes
oxide-capacity	crates.io	2026-06-10	True	name=oxide-capacity license=MIT desc=yes
oxide-checkpoint	crates.io	2026-06-13	True	name=oxide-checkpoint license=MIT OR Apache-2.0 desc=yes
oxide-chunk	crates.io	2026-06-13	True	name=oxide-chunk license=MIT OR Apache-2.0 desc=yes
oxide-circuit-breaker	crates.io	2026-06-09	True	name=oxide-circuit-breaker license=Apache-2.0 desc=yes
oxide-compactor	crates.io	2026-06-10	True	name=oxide-compactor license=MIT desc=yes
oxide-compile-cache	crates.io	2026-06-09	True	name=oxide-compile-cache license=Apache-2.0 desc=yes
oxide-conservation	crates.io	2026-06-09	True	name=oxide-conservation license=MIT desc=yes
oxide-constructs	crates.io	2026-06-09	True	name=oxide-constructs license=Apache-2.0 desc=yes
oxide-crdt	crates.io	2026-06-09	True	name=oxide-crdt license=Apache-2.0 desc=yes
oxide-energy-balance	crates.io	2026-06-09	True	name=oxide-energy-balance license=Apache-2.0 desc=yes
oxide-epoch	crates.io	2026-06-13	True	name=oxide-epoch license=MIT OR Apache-2.0 desc=yes
oxide-federation	crates.io	2026-06-11	True	name=oxide-federation license=MIT OR Apache-2.0 desc=yes
oxide-fleet	crates.io	2026-06-09	True	name=oxide-fleet license=Apache-2.0 desc=yes
oxide-flux-runtime	crates.io	2026-06-09	True	name=oxide-flux-runtime license=Apache-2.0 desc=yes
oxide-gradient	crates.io	2026-06-09	True	name=oxide-gradient license=Apache-2.0 desc=yes
oxide-health-monitor	crates.io	2026-06-09	True	name=oxide-health-monitor license=Apache-2.0 desc=yes
oxide-journal	crates.io	2026-06-09	True	name=oxide-journal license=Apache-2.0 desc=yes
oxide-lease-grid	crates.io	2026-06-09	True	name=oxide-lease-grid license=Apache-2.0 desc=yes
oxide-loadshed	crates.io	2026-06-10	True	name=oxide-loadshed license=MIT desc=yes
oxide-partition	crates.io	2026-06-09	True	name=oxide-partition license=MIT desc=yes
oxide-pipeline	crates.io	2026-08-13	True	name=oxide-pipeline license=Apache-2.0 desc=yes
oxide-raft-log	crates.io	2026-06-13	True	name=oxide-raft-log license=MIT desc=yes
oxide-ring	crates.io	2026-06-13	True	name=oxide-ring license=Apache-2.0 desc=yes
oxide-sandbox	crates.io	2026-06-09	True	name=oxide-sandbox license=Apache-2.0 desc=yes
oxide-slotmap	crates.io	2026-06-09	True	name=oxide-slotmap license=Apache-2.0 desc=yes
oxide-tenancy	crates.io	2026-06-11	True	name=oxide-tenancy license=MIT OR Apache-2.0 desc=yes
oxide-tombstone	crates.io	2026-06-13	True	name=oxide-tombstone license=Apache-2.0 desc=yes
oxide-workflow	crates.io	2026-06-13	True	name=oxide-workflow license=MIT OR Apache-2.0 desc=yes
packet-capture	crates.io	2026-07-12	True	name=packet-capture license=MIT OR Apache-2.0 desc=yes
page-agent	npm	2026-07-13	False	name=root v=1.12.1 private=True
page-replace	crates.io	2026-07-12	True	name=page-replace license=MIT desc=yes
palaver-math	npm	2026-06-08	True	name=palaver-math v=1.0.0 private=False
palaver-math-pypi	pypi	2026-07-12	True	name=palaver-math v=0.1.0
palaver-math-rs	crates.io	2026-07-23	True	name=palaver-math license=MIT OR Apache-2.0 desc=yes
paperclip	npm	2026-06-08	False	name=paperclip v=None private=True
pareto-tournament	pypi	2026-09-20	True	name=pareto-tournament v=0.1.0
particle-swarm	crates.io	2026-07-12	True	name=particle-swarm license=MIT desc=yes
particle-system	crates.io	2026-07-12	True	name=particle-system license=MIT OR Apache-2.0 desc=yes
partition-tolerance	crates.io	2026-07-12	True	name=partition-tolerance license=MIT desc=yes
peanut-gallery-npm	npm	2026-09-22	True	name=@superinstance/peanut-gallery v=0.1.0 private=False
pedigree	pypi	2026-07-12	True	name=pedigree-tracker v=0.1.0
penrose-lattice	crates.io	2026-07-12	True	name=penrose-lattice license=MIT desc=yes
perception-cascade	pypi	2026-08-13	True	name=perception-cascade v=0.1.0
persistence-agent	crates.io	2026-06-13	True	name=persistence-agent license=MIT desc=yes
persistence-landscape	crates.io	2026-07-12	True	name=persistence-landscape license=MIT desc=yes
persistent-agent	crates.io	2026-07-12	True	name=persistent-agent license=MIT desc=yes
persistent-sheaf	crates.io	2026-07-12	True	name=persistent-sheaf license=MIT desc=yes
persistent-sheaf-rs	crates.io	2026-07-12	False	name=persistent-sheaf license=MIT desc=NO
persona-engine	pypi	2026-08-21	True	name=persona-engine v=0.1.0
personallog-agent	pypi	2026-07-12	True	name=personallog-agent v=0.2.0
personallog-ai	npm	2026-06-13	True	name=personallog-ai v=1.0.0 private=False
physics-clock	pypi	2026-07-12	True	name=physics-clock v=0.1.0
pid-control	crates.io	2026-07-12	True	name=robo-pid-control license=MIT desc=yes
pincher	crates.io	2026-08-21	False	name=None license=None desc=NO
pincher-flux-bridge	crates.io	2026-06-13	True	name=pincher-flux-bridge license=MIT desc=yes
plainsong	pypi	2026-08-26	True	name=plainsong v=1.6.0
plainsong-mcp	pypi	2026-08-26	True	name=plainsong-mcp v=1.0.1
plainsong-worker	npm	2026-08-21	False	name=plainsong-worker v=1.0.0 private=True
plato-a2a	crates.io	2026-07-12	True	name=plato-a2a license=MIT desc=yes
plato-achievement	pypi	2026-07-12	True	name=plato-achievement v=0.1.0
plato-adapter-store	pypi	2026-07-12	True	name=plato-adapter-store v=0.1.0
plato-address	pypi	2026-07-12	True	name=plato-address v=0.1.0
plato-afterlife-reef	pypi	2026-07-12	True	name=plato-afterlife-reef v=0.1.0
plato-agent-python	pypi	2026-07-12	True	name=plato-agent v=0.1.0
plato-alert	crates.io	2026-07-12	True	name=plato-alert license=Apache-2.0 desc=yes
plato-anomaly	crates.io	2026-07-12	True	name=plato-anomaly license=Apache-2.0 desc=yes
plato-attention-tracker	pypi	2026-07-12	True	name=plato-attention-tracker v=0.1.0
plato-audio-jepa	crates.io	2026-07-12	True	name=plato-audio-jepa license=Apache-2.0 desc=yes
plato-autonomy	crates.io	2026-07-12	True	name=plato-autonomy license=Apache-2.0 desc=yes
plato-backprop	crates.io	2026-07-12	True	name=plato-backprop license=Apache-2.0 desc=yes
plato-backtest	crates.io	2026-07-12	True	name=plato-backtest license=Apache-2.0 desc=yes
plato-bridge	pypi	2026-07-12	True	name=plato-bridge v=0.1.0
plato-capability	crates.io	2026-07-12	True	name=plato-capability license=Apache-2.0 desc=yes
plato-cli	crates.io	2026-07-12	True	name=plato-cli license=MIT desc=yes
plato-cli	pypi	2026-07-12	True	name=plato-cli v=1.0.0
plato-client-js	npm	2026-07-12	True	name=@cocapn/plato-client v=0.1.0 private=False
plato-compress	crates.io	2026-07-12	True	name=plato-compress license=Apache-2.0 desc=yes
plato-config	pypi	2026-07-12	True	name=plato-config v=0.1.0
plato-conserve	crates.io	2026-07-12	True	name=plato-conserve license=Apache-2.0 desc=yes
plato-contract	crates.io	2026-07-12	True	name=plato-contract license=MIT desc=yes
plato-coordination	crates.io	2026-07-12	True	name=plato-coordination license=Apache-2.0 desc=yes
plato-core	pypi	2026-07-20	True	name=plato-core v=0.2.0
plato-core-rs	crates.io	2026-07-20	True	name=plato-core license=MIT desc=yes
plato-correlate	crates.io	2026-07-12	True	name=plato-correlate license=Apache-2.0 desc=yes
plato-correlator	crates.io	2026-07-12	True	name=plato-correlator license=MIT desc=yes
plato-cortex	crates.io	2026-07-12	True	name=plato-cortex license=Apache-2.0 desc=yes
plato-dashboard	crates.io	2026-06-13	True	name=plato-dashboard license=Apache-2.0 desc=yes
plato-data	pypi	2026-07-12	True	name=plato-data v=1.0.0
plato-demo	crates.io	2026-06-13	True	name=plato-demo license=MIT OR Apache-2.0 desc=yes
plato-demo	pypi	2026-06-13	True	name=plato-demo v=1.0.0
plato-diffusion	crates.io	2026-07-12	True	name=plato-diffusion license=Apache-2.0 desc=yes
plato-distill	crates.io	2026-07-12	True	name=plato-distill license=Apache-2.0 desc=yes
plato-downsample	crates.io	2026-07-12	True	name=plato-downsample license=Apache-2.0 desc=yes
plato-edge	pypi	2026-08-21	True	name=plato-edge v=0.1.0
plato-embed	crates.io	2026-07-12	True	name=plato-embed license=Apache-2.0 desc=yes
plato-engine	crates.io	2026-07-12	True	name=plato-engine license=Apache-2.0 desc=yes
plato-engine-block	crates.io	2026-07-12	True	name=plato-engine-block license=MIT desc=yes
plato-event	crates.io	2026-07-12	True	name=plato-event license=Apache-2.0 desc=yes
plato-explain	crates.io	2026-07-12	True	name=plato-explain license=Apache-2.0 desc=yes
plato-fflearning	pypi	2026-08-14	True	name=plato-fflearning v=0.1.0
plato-filter	crates.io	2026-07-12	True	name=plato-filter license=Apache-2.0 desc=yes
plato-fleet	crates.io	2026-07-12	True	name=plato-fleet license=MIT desc=yes
plato-fleet-manager	crates.io	2026-06-10	True	name=plato-fleet-manager license=MIT desc=yes
plato-flux-compiler	crates.io	2026-06-13	True	name=plato-flux-compiler license=MIT desc=yes
plato-forge-bridge	crates.io	2026-07-12	True	name=plato-forge-bridge license=Apache-2.0 desc=yes
plato-hdc-bridge	pypi	2026-07-12	True	name=plato-hdc-bridge v=0.1.0
plato-health	crates.io	2026-07-12	True	name=plato-health license=Apache-2.0 desc=yes
plato-history	crates.io	2026-07-12	True	name=plato-history license=Apache-2.0 desc=yes
plato-jepa	crates.io	2026-06-08	True	name=plato-jepa license=Apache-2.0 desc=yes
plato-jepa-dual	crates.io	2026-07-12	True	name=plato-jepa-dual license=Apache-2.0 desc=yes
plato-kernel-constraints	crates.io	2026-07-12	True	name=plato-kernel-constraints license=MIT desc=yes
plato-llvm-bridge	crates.io	2026-07-12	True	name=plato-llvm-bridge license=MIT desc=yes
plato-loader	crates.io	2026-07-12	False	name=plato-loader license=MIT desc=NO
plato-manus	crates.io	2026-07-12	True	name=plato-manus license=MIT desc=yes
plato-math	crates.io	2026-07-12	True	name=plato-math license=MIT desc=yes
plato-mcp	pypi	2026-07-12	True	name=plato-mcp v=0.1.0
plato-memory	crates.io	2026-07-12	True	name=plato-memory license=MIT desc=yes
plato-meta-tiles	pypi	2026-07-12	True	name=plato-meta-tiles v=0.1.0
plato-metrics	crates.io	2026-07-12	True	name=plato-metrics license=Apache-2.0 desc=yes
plato-midi-bridge-rs	crates.io	2026-07-12	True	name=plato-midi-bridge license=AGPL-3.0 desc=yes
plato-music-sync	crates.io	2026-08-14	True	name=plato-music-sync license=MIT desc=yes
plato-mythos-bridge	crates.io	2026-07-12	True	name=plato-mythos-bridge license=MIT desc=yes
plato-nervous	crates.io	2026-07-12	True	name=plato-nervous license=Apache-2.0 desc=yes
plato-normalize	crates.io	2026-07-12	True	name=plato-normalize license=Apache-2.0 desc=yes
plato-observe	crates.io	2026-07-12	True	name=plato-observe license=MIT desc=yes
plato-papers	pypi	2026-07-12	True	name=plato-papers v=0.1.0
plato-perception	crates.io	2026-08-19	True	name=plato-perception license=Apache-2.0 desc=yes
plato-playwright	crates.io	2026-07-12	True	name=plato-playwright license=MIT desc=yes
plato-policy	crates.io	2026-07-12	True	name=plato-policy license=MIT desc=yes
plato-portal	npm	2026-09-26	True	name=@superinstance/schemas v=1.0.0 private=False
plato-portal	pypi	2026-09-26	True	name=superinstance v=0.1.1
plato-predict	crates.io	2026-07-12	True	name=plato-predict license=Apache-2.0 desc=yes
plato-prediction	crates.io	2026-08-19	True	name=plato-prediction license=Apache-2.0 desc=yes
plato-puppeteer	crates.io	2026-07-12	False	name=plato-puppeteer license=MIT desc=NO
plato-quickstart	crates.io	2026-06-13	True	name=plato-quickstart license=MIT desc=yes
plato-ring	crates.io	2026-07-12	True	name=plato-ring license=Apache-2.0 desc=yes
plato-room	crates.io	2026-07-12	True	name=plato-room license=MIT desc=yes
plato-room-configs	crates.io	2026-07-12	True	name=plato-room-configs license=MIT desc=yes
plato-room-deployment-approval	pypi	2026-07-20	True	name=plato-room-deployment-approval v=0.1.1
plato-room-directory	npm	2026-07-17	True	name=plato-room-directory v=0.1.0 private=False
plato-room-musician	pypi	2026-07-12	True	name=plato-room-musician v=0.1.0
plato-room-security-audit	pypi	2026-07-20	True	name=plato-room-security-audit v=0.1.1
plato-room-security-audit-rs	crates.io	2026-07-12	True	name=si-security-audit-room license=MIT desc=yes
plato-room-wasm	crates.io	2026-07-12	True	name=plato-room-wasm license=MIT desc=yes
plato-rooms	crates.io	2026-07-12	True	name=plato-rooms license=Apache-2.0 desc=yes
plato-route	crates.io	2026-07-12	True	name=plato-route license=Apache-2.0 desc=yes
plato-runtime	crates.io	2026-07-12	True	name=plato-runtime license=MIT desc=yes
plato-runtime-kernel	crates.io	2026-07-12	True	name=plato-runtime-kernel license=MIT desc=yes
plato-sandbox	crates.io	2026-07-12	True	name=plato-sandbox license=MIT desc=yes
plato-schema	crates.io	2026-07-12	True	name=plato-schema license=Apache-2.0 desc=yes
plato-sdk-unified	pypi	2026-07-12	True	name=plato-sdk-unified v=0.1.0
plato-semantic-search	npm	2026-07-12	False	name=plato-semantic-search v=2.0.0 private=True
plato-serialize	crates.io	2026-07-12	True	name=plato-serialize license=Apache-2.0 desc=yes
plato-server	pypi	2026-07-12	True	name=plato-server v=1.0.0
plato-session	crates.io	2026-07-12	True	name=plato-session license=MIT desc=yes
plato-shell	crates.io	2026-07-12	True	name=plato-shell license=MIT desc=yes
plato-shell-bridge	pypi	2026-07-12	True	name=plato-shell-bridge v=0.1.0
plato-ship-protocol	crates.io	2026-08-13	True	name=plato-ship-protocol license=MIT desc=yes
plato-signal-chain	crates.io	2026-07-12	True	name=plato-signal-chain license=Apache-2.0 desc=yes
plato-sonar-text	crates.io	2026-07-12	True	name=plato-sonar-text license=MIT desc=yes
plato-soul-fingerprint	pypi	2026-07-12	True	name=plato-soul-fingerprint v=0.3.0
plato-spatial	pypi	2026-08-13	True	name=plato-spatial v=0.1.0
plato-spectral	crates.io	2026-07-12	True	name=plato-spectral license=MIT desc=yes
plato-state	crates.io	2026-07-12	True	name=plato-state license=Apache-2.0 desc=yes
plato-surprise-detector	pypi	2026-07-12	True	name=plato-surprise-detector v=0.1.0
plato-surrogate	pypi	2026-07-12	True	name=plato-surrogate v=0.1.0
plato-ternary-bridge	crates.io	2026-06-10	True	name=plato-ternary-bridge license=MIT desc=yes
plato-threshold	crates.io	2026-07-12	True	name=plato-threshold license=Apache-2.0 desc=yes
plato-tick	crates.io	2026-07-12	True	name=plato-tick license=MIT desc=yes
plato-tiles	crates.io	2026-07-12	True	name=plato-tiles license=Apache-2.0 desc=yes
plato-timing	crates.io	2026-07-12	True	name=plato-timing license=Apache-2.0 desc=yes
plato-torch	pypi	2026-07-12	True	name=plato-torch v=0.5.0a1
plato-training	pypi	2026-06-08	True	name=plato-training v=0.9.0
plato-transform	crates.io	2026-07-12	True	name=plato-transform license=Apache-2.0 desc=yes
plato-transport	crates.io	2026-07-12	True	name=plato-transport license=MIT desc=yes
plato-types	pypi	2026-08-21	True	name=plato-types v=1.0.0
plato-uidl	crates.io	2026-07-12	True	name=plato-uidl license=MIT desc=yes
plato-validate	crates.io	2026-07-12	True	name=plato-validate license=Apache-2.0 desc=yes
plato-vision	crates.io	2026-07-12	True	name=plato-vision license=MIT desc=yes
plato-vision-jepa	crates.io	2026-08-21	True	name=plato-vision-jepa license=Apache-2.0 desc=yes
plato-window	crates.io	2026-07-12	True	name=plato-window license=Apache-2.0 desc=yes
plato-workflow	crates.io	2026-07-12	False	name=plato-workflow license=MIT desc=NO
platonic-randomness	npm	2026-08-13	True	name=@superinstance/platonic-randomness v=1.0.0 private=False
platos-shell	npm	2026-08-21	True	name=platos-shell v=1.0.0 private=False
platos-shell-ide	npm	2026-08-21	True	name=platos-shell-ide v=0.1.0 private=False
playerlog-agent	pypi	2026-07-12	True	name=playerlog-agent v=0.2.0
playerlog-ai	npm	2026-06-13	False	name=playerlog-ai v=0.1.0 private=True
podiumjs-rocks	npm	2026-07-12	True	name=podiumjs v=0.1.0 private=False
polln	crates.io	2026-09-27	True	name=polln license=MIT OR Apache-2.0 desc=yes
polln	npm	2026-09-27	True	name=polln v=0.1.0 private=False
polln	pypi	2026-09-27	True	name=polln v=1.0.0
polychora	crates.io	2026-07-12	False	name=higher-dimension-playground license=MIT desc=NO
polychora-temporal	crates.io	2026-07-12	False	name=higher-dimension-playground license=MIT desc=NO
polynomial-rs	crates.io	2026-07-12	True	name=polynomial-rs license=MIT OR Apache-2.0 desc=yes
polyvocoder	pypi	2026-09-24	True	name=polyvocoder v=0.1.0
polyvocoder-bindings	npm	2026-09-24	True	name=@superinstance/polyvocoder v=0.1.0 private=False
polyvocoder-rust	crates.io	2026-09-24	True	name=polyvocoder license=MIT desc=yes
population-scaling	crates.io	2026-06-13	True	name=population-scaling license=MIT desc=yes
port-generator	crates.io	2026-07-12	True	name=port-generator license=MIT desc=yes
position-aware-embed	crates.io	2026-06-11	True	name=position-aware-embed license=MIT OR Apache-2.0 desc=yes
projects	npm	2026-08-20	False	name=None v=None private=False
prompt-compiler	crates.io	2026-06-09	True	name=prompt-compiler license=MIT desc=yes
promptscript	npm	2026-06-08	False	name=@promptscript/source v=1.13.0 private=True
provenance-chain	crates.io	2026-07-12	True	name=provenance-chain license=MIT desc=yes
provenance-log	crates.io	2026-07-20	True	name=provenance-log license=MIT OR Apache-2.0 desc=yes
purplepincher-baton	pypi	2026-06-08	True	name=purplepincher-baton v=0.1.0
purplepincher-org	npm	2026-06-14	False	name=None v=None private=False
purplepincher-shell-library	pypi	2026-07-12	True	name=purplepincher-shell-library v=0.1.0
pythagorean-quantize	crates.io	2026-07-12	True	name=pythagorean-quantize license=MIT desc=yes
pythagorean48	crates.io	2026-07-12	True	name=pythagorean48 license=MIT desc=yes
q16-trajectories	npm	2026-09-21	True	name=q16-trajectories v=0.1.0 private=False
qdrant	crates.io	2026-06-08	True	name=qdrant license=Apache-2.0 desc=yes
quality-gate-stream	pypi	2026-09-26	True	name=quality-gate-stream v=0.1.1
quantum-coin	crates.io	2026-07-12	True	name=quantum-coin license=MIT desc=yes
quantum-thermo	crates.io	2026-07-12	True	name=quantum-thermo license=MIT desc=yes
query-plan	crates.io	2026-07-12	True	name=query-plan license=MIT desc=yes
queueing-theory	crates.io	2026-07-12	True	name=queueing-theory license=MIT OR Apache-2.0 desc=yes
quicunnel	crates.io	2026-09-16	True	name=quicunnel license=MIT OR Apache-2.0 desc=yes
quicunnel-archive	crates.io	2026-09-22	True	name=quicunnel license=MIT OR Apache-2.0 desc=yes
quilt	npm	2026-09-26	False	name=quilt v=0.3.0 private=True
quilt-ai	npm	2026-09-24	True	name=@quilt/ai v=0.1.0 private=False
quilt-arcade	npm	2026-09-26	False	name=quilt-arcade v=None private=False
quilt-arch	npm	2026-09-27	True	name=quilt-arch v=0.1.0 private=False
quilt-arena	npm	2026-09-25	False	name=quilt-arena v=None private=False
quilt-bridge	npm	2026-09-24	True	name=@superinstance/quilt-bridge v=0.1.0 private=False
quilt-bridge	pypi	2026-09-24	True	name=quilt-bridge v=0.1.0
quilt-bus	pypi	2026-08-26	True	name=quilt-bus v=1.0.0
quilt-canary	crates.io	2026-09-24	True	name=quilt-canary license=MIT desc=yes
quilt-canary	npm	2026-09-24	True	name=quilt-canary v=0.1.0 private=False
quilt-canary-port	pypi	2026-09-24	True	name=quilt-canary-port v=0.1.0
quilt-canon-book	pypi	2026-09-24	True	name=quilt-canon-book v=0.1.0
quilt-canon-cli	npm	2026-09-22	True	name=@superinstance/quilt-canon-cli-gh v=0.1.2 private=False
quilt-canon-fed	pypi	2026-09-24	True	name=quilt-canon-fed v=0.1.0
quilt-canon-feed	pypi	2026-09-24	True	name=quilt-canon-feed v=0.1.0
quilt-canon-game	pypi	2026-09-24	True	name=quilt-canon-game v=0.1.0
quilt-canon-gen	pypi	2026-09-24	True	name=quilt-canon-gen v=0.1.0
quilt-canon-graph	pypi	2026-09-24	True	name=quilt-canon-graph v=0.1.0
quilt-canon-i18n	pypi	2026-09-24	True	name=quilt-canon-i18n v=0.1.0
quilt-canon-iterator	pypi	2026-09-24	True	name=quilt-canon-iterator v=0.1.0
quilt-canon-keywords	pypi	2026-09-24	True	name=quilt-canon-keywords v=0.1.0
quilt-canon-mcp	pypi	2026-09-24	True	name=quilt-canon-mcp v=0.1.0
quilt-canon-radio	pypi	2026-09-24	True	name=quilt-canon-radio v=0.1.0
quilt-canon-search	pypi	2026-09-24	True	name=quilt-canon-search v=0.1.0
quilt-canon-trace	pypi	2026-09-24	True	name=quilt-canon-trace v=0.1.0
quilt-canon-witness	pypi	2026-09-24	True	name=quilt-canon-witness v=0.1.0
quilt-casting	pypi	2026-08-26	True	name=quilt-casting v=1.0.0
quilt-cell	npm	2026-09-20	True	name=@superinstance/quilt-cell v=0.1.0 private=False
quilt-claw	npm	2026-09-24	True	name=@quilt/claw v=0.1.0 private=False
quilt-cli	pypi	2026-09-24	True	name=quilt v=0.1.0
quilt-cloudflare	npm	2026-09-25	True	name=quilt-cloudflare v=0.1.0 private=False
quilt-conversation	crates.io	2026-09-16	True	name=quilt-conversation license=MIT desc=yes
quilt-cordis	pypi	2026-08-26	True	name=quilt-cordis v=1.0.0
quilt-core-os	npm	2026-08-20	True	name=quilt-core v=0.4.0 private=False
quilt-cowboy	pypi	2026-09-26	True	name=quilt-cowboy v=1.0.0
quilt-cowboy-jev	pypi	2026-09-22	True	name=quilt-cowboy v=1.0.0
quilt-dba	npm	2026-09-27	True	name=quilt-dba v=0.1.0 private=False
quilt-edge-arch	crates.io	2026-08-28	True	name=quilt-edge-arch license=MIT desc=yes
quilt-egg	pypi	2026-09-24	True	name=quilt-egg v=0.1.0
quilt-egg-rust	crates.io	2026-09-24	True	name=quilt-egg license=MIT desc=yes
quilt-elf	npm	2026-09-24	True	name=@quilt/elf v=0.1.0 private=False
quilt-esp32	crates.io	2026-09-02	True	name=quilt-esp32 license=MIT desc=yes
quilt-evolve	npm	2026-09-16	True	name=@quilt/evolve v=0.1.0 private=False
quilt-fleet	npm	2026-09-24	True	name=@quilt/fleet v=0.1.0 private=False
quilt-fleet-conductor	pypi	2026-09-24	True	name=quilt-fleet-conductor v=0.1.0
quilt-fleet-publish	pypi	2026-09-24	True	name=quilt-fleet-publish v=0.1.0
quilt-fleet-sim	pypi	2026-09-24	True	name=quilt-fleet-sim v=0.1.0
quilt-flow	npm	2026-08-20	True	name=quilt-flow v=0.1.0 private=False
quilt-fluidics	pypi	2026-09-24	True	name=quilt-fluidics v=0.1.0
quilt-iterator	pypi	2026-09-24	True	name=quilt-iterator v=0.1.0
quilt-jetson	crates.io	2026-09-20	True	name=quilt-jetson license=Apache-2.0 desc=yes
quilt-k3s	npm	2026-08-31	True	name=@quilt/k3s v=0.1.0 private=False
quilt-learn	npm	2026-09-26	True	name=quilt-learn v=1.0.0 private=False
quilt-live	npm	2026-08-20	True	name=quilt-live v=0.2.0 private=False
quilt-live-canon-npm	npm	2026-09-20	True	name=@superinstance/live-canon v=0.9.2 private=False
quilt-llm-worker	npm	2026-08-20	True	name=quilt-llm-worker v=1.0.0 private=False
quilt-loom	npm	2026-09-25	False	name=quilt-loom v=None private=False
quilt-makepad-demo	crates.io	2026-09-24	False	name=quilt-makepad-demo license=None desc=NO
quilt-mesh	crates.io	2026-09-25	True	name=quilt-mesh license=MIT desc=yes
quilt-mesh	npm	2026-09-25	True	name=quilt-mesh v=0.1.0 private=False
quilt-mesh-bridge	pypi	2026-09-24	True	name=quilt-mesh-bridge v=0.1.0
quilt-mhs	crates.io	2026-09-25	False	name=None license=None desc=NO
quilt-multi-oracle	pypi	2026-09-24	True	name=quilt-multi-oracle v=0.1.0
quilt-murmur	npm	2026-09-27	True	name=quilt-murmur v=0.1.0 private=False
quilt-nomad	npm	2026-09-16	True	name=@quilt/nomad v=0.1.0 private=False
quilt-optimization	pypi	2026-09-24	False	name=None v=None
quilt-organism	pypi	2026-09-24	False	name=None v=None
quilt-papers	pypi	2026-09-24	True	name=quilt-papers v=0.1.0
quilt-picker	pypi	2026-08-26	True	name=quilt-picker v=1.0.0
quilt-pincher	npm	2026-09-24	True	name=@quilt/pincher v=0.1.0 private=False
quilt-port	pypi	2026-09-24	True	name=quilt-port v=0.1.0
quilt-pydantic-ai	pypi	2026-08-20	True	name=quilt-pydantic-ai v=0.1.0
quilt-quant	npm	2026-09-25	False	name=quilt-quant v=None private=False
quilt-quantum-audio	pypi	2026-09-24	True	name=quilt-quantum-audio v=0.1.0
quilt-quantum-canary	pypi	2026-09-24	True	name=quilt-quantum-canary v=0.1.0
quilt-quantum-canary-bridge	pypi	2026-09-24	True	name=quilt-quantum-canary-bridge v=0.1.0
quilt-rag	npm	2026-09-17	True	name=@quilt/rag v=0.1.0 private=False
quilt-raw	npm	2026-09-26	True	name=quilt-raw v=0.1.0 private=False
quilt-rust	crates.io	2026-09-25	False	name=None license=None desc=NO
quilt-rust-vibe	crates.io	2026-09-08	False	name=quilt-rust-vibe license=None desc=NO
quilt-sandbox	pypi	2026-09-24	True	name=quilt-sandbox v=0.1.0
quilt-silicon	npm	2026-09-26	True	name=quilt-silicon v=0.1.0 private=False
quilt-spreadsheet	pypi	2026-09-24	True	name=quilt-spreadsheet v=0.1.0
quilt-spreadsheet-inference	pypi	2026-09-24	True	name=quilt-spreadsheet-inference v=0.1.0
quilt-state	pypi	2026-08-26	True	name=quilt-state v=1.0.0
quilt-stone	npm	2026-09-27	True	name=quilt-stone v=1.0.0 private=False
quilt-subleq	crates.io	2026-09-24	True	name=quilt-subleq license=MIT desc=yes
quilt-swarm	npm	2026-09-22	True	name=quilt-swarm v=0.1.0 private=False
quilt-system	pypi	2026-08-26	True	name=quilt-system v=1.0.0
quilt-time	npm	2026-08-20	True	name=quilt-time v=0.1.0 private=False
quilt-timesfm	pypi	2026-09-03	True	name=timesfm v=3.0.0
quilt-timesfm-rust	crates.io	2026-09-01	True	name=quilt-timesfm-rust license=Apache-2.0 desc=yes
quilt-tools	npm	2026-09-27	True	name=@superinstance/quilt-tools v=0.1.0 private=False
quilt-trace	pypi	2026-09-24	False	name=None v=None
quilt-tracker	pypi	2026-09-24	True	name=quilt-tracker v=0.1.0
quilt-tts	pypi	2026-09-24	True	name=quilt-tts v=0.1.0
quilt-vault	npm	2026-08-20	True	name=quilt-vault v=0.1.0 private=False
quilt-vision	npm	2026-08-27	True	name=quilt-vision v=0.1.0 private=False
quilt-vm-rust	crates.io	2026-08-26	True	name=quilt-vm license=MIT desc=yes
quilt-vm-typescript	npm	2026-09-03	True	name=quilt-vm v=0.1.0 private=False
quilt-vm-wasm	crates.io	2026-09-20	False	name=quilt-vm-wasm license=None desc=yes
quilt-voice-agent	pypi	2026-09-24	True	name=quilt-voice-agent v=0.1.0
quilt-zai-writer	pypi	2026-09-24	True	name=quilt-zai-writer v=0.1.0
quilt-zk	npm	2026-08-20	True	name=quilt-zk v=0.1.0 private=False
quipu-math	pypi	2026-07-12	True	name=quipu-math v=0.1.0
quipu-math-npm	npm	2026-07-12	True	name=quipu-math v=1.0.0 private=False
quipu-math-wasm	crates.io	2026-07-12	True	name=quipu-math-wasm license=MIT desc=yes
r-tree-rs	crates.io	2026-07-12	True	name=r-tree-rs license=MIT OR Apache-2.0 desc=yes
random-walk-agent	crates.io	2026-07-12	True	name=random-walk-agent license=MIT desc=yes
raster-line	crates.io	2026-07-12	True	name=raster-line license=MIT desc=yes
ratatui-spectral-dashboard	crates.io	2026-07-12	True	name=ratatui-spectral-dashboard license=MIT desc=yes
rate-distortion	crates.io	2026-07-12	True	name=rate-distortion license=MIT desc=yes
rate-limiter	crates.io	2026-07-12	True	name=rate-limiter license=MIT OR Apache-2.0 desc=yes
rate-limiter-rs	crates.io	2026-07-12	True	name=rate-limiter-rs license=MIT OR Apache-2.0 desc=yes
rational-rs	crates.io	2026-07-12	True	name=rational-rs license=MIT OR Apache-2.0 desc=yes
rc-20260824-01	npm	2026-08-25	False	name=fleet-static-host v=2.0.0 private=True
readme-generator	crates.io	2026-06-13	True	name=readme-generator license=MIT desc=yes
reallog-agent	pypi	2026-07-12	True	name=reallog-agent v=0.1.1
recovered-copy-20260824-elephant-sim-worker	npm	2026-08-25	False	name=elephant-sim-worker v=0.1.0 private=True
recovered-copy-20260824-fishinglog-ai	npm	2026-08-25	True	name=fishinglog-ai v=0.1.0 private=False
recovered-copy-20260824-fleet-embed	crates.io	2026-08-25	True	name=fleet-embed license=MIT desc=yes
recovered-copy-20260824-fleet-ensemble	crates.io	2026-08-25	False	name=fleet-ensemble license=None desc=yes
recovered-copy-20260824-fleet-jepa-midi	crates.io	2026-08-25	True	name=fleet-jepa-midi license=MIT desc=yes
recovered-copy-20260824-fleet-memory	crates.io	2026-08-25	True	name=fleet-memory license=MIT desc=yes
recovered-copy-20260824-mist-game	npm	2026-08-25	False	name=mist-game v=0.2.1 private=True
recovered-copy-20260824-mist-lab	npm	2026-08-25	False	name=mist-lab v=1.0.0 private=True
recovered-copy-20260824-mist-quilt	npm	2026-08-25	False	name=mist-quilt v=0.1.0 private=True
recovered-copy-20260824-mist-voice	npm	2026-08-25	False	name=mist-voice v=1.0.0 private=True
recovered-copy-20260824-operational-fiction	pypi	2026-08-25	True	name=operational-fiction v=0.2.0
recovered-copy-20260824-scrap-quilt	npm	2026-08-25	False	name=scrap-quilt v=0.1.0 private=True
recovered-copy-20260824-scrap-voice	npm	2026-08-25	False	name=scrap-voice v=1.0.0 private=True
recovered-copy-20260824-ternary-rom	pypi	2026-08-25	True	name=ternary-rom v=0.3.0
red-black-tree-rs	crates.io	2026-07-12	True	name=red-black-tree-rs license=MIT desc=yes
reflex-arc	crates.io	2026-07-12	True	name=reflex-arc license=MIT desc=yes
reg-alloc	crates.io	2026-07-12	True	name=reg-alloc license=MIT desc=yes
regime-detection	pypi	2026-07-12	False	name=None v=None
reinforcement-grid	crates.io	2026-07-12	True	name=reinforcement-grid license=MIT desc=yes
relativity	crates.io	2026-07-12	True	name=spacetime-rs license=MIT OR Apache-2.0 desc=yes
renormalization	crates.io	2026-07-12	True	name=renormalization license=MIT OR Apache-2.0 desc=yes
renormalization-agent	crates.io	2026-06-09	True	name=renormalization-agent license=MIT desc=yes
renormalization-group	crates.io	2026-06-11	True	name=renormalization-group license=MIT desc=yes
renormalization-group-rs	crates.io	2026-07-12	True	name=renormalization-group-rs license=MIT desc=yes
renormalization-learning-rs	crates.io	2026-07-12	False	name=renormalization-learning license=MIT desc=NO
reposphere	crates.io	2026-07-12	True	name=reposphere license=MIT desc=yes
representation-theory	crates.io	2026-07-12	True	name=representation-theory license=MIT OR Apache-2.0 desc=yes
resonance-engine	crates.io	2026-07-12	True	name=resonance-engine license=MIT desc=yes
reversible-logic	crates.io	2026-07-12	True	name=reversible-logic license=MIT desc=yes
rhythm-math-npm	npm	2026-07-12	True	name=rhythm-math v=1.0.0 private=False
rhythm-nation-math	pypi	2026-07-12	True	name=rhythm-nation-math v=0.1.0
riff-engine	crates.io	2026-07-12	True	name=riff-engine license=MIT desc=yes
rig-budget-guard	crates.io	2026-07-12	True	name=rig-budget-guard license=MIT desc=yes
rigid-body	crates.io	2026-07-12	True	name=rigid-body license=MIT OR Apache-2.0 desc=yes
ring-buffer-rs	crates.io	2026-07-12	True	name=ring-buffer-rs license=MIT OR Apache-2.0 desc=yes
ring-sign	crates.io	2026-07-12	True	name=ring-sign license=MIT OR Apache-2.0 desc=yes
rl-rs	crates.io	2026-07-12	True	name=rl-rs license=MIT OR Apache-2.0 desc=yes
roam-graph	pypi	2026-07-17	True	name=roam-graph v=0.1.0
robotics-foundations	crates.io	2026-07-12	True	name=robotics-foundations license=MIT OR Apache-2.0 desc=yes
room-cell	crates.io	2026-06-13	True	name=room-cell license=MIT desc=yes
room-dds-bridge	crates.io	2026-06-13	True	name=room-dds-bridge license=MIT desc=yes
room-lifecycle	crates.io	2026-07-12	True	name=room-lifecycle license=MIT desc=yes
room-render	npm	2026-08-21	True	name=@lucineer/room-render v=1.0.0 private=False
room-topology	crates.io	2026-06-13	True	name=room-topology license=MIT desc=yes
ropesight	npm	2026-09-27	True	name=ropesight v=0.1.0 private=False
routing-table	crates.io	2026-07-12	True	name=routing-table license=MIT OR Apache-2.0 desc=yes
run-length	crates.io	2026-07-12	True	name=run-length license=MIT desc=yes
rustfs	crates.io	2026-06-08	False	name=None license=None desc=NO
rusty-series	crates.io	2026-07-12	True	name=rusty-series license=MIT OR Apache-2.0 desc=yes
ruview-cathedral	pypi	2026-06-08	True	name=wifi-densepose v=1.2.0
saddle	npm	2026-08-30	False	name=saddle v=0.1.0 private=True
salidiere	pypi	2026-08-13	True	name=symphony-orchestrator v=0.1.0
sat-solver	crates.io	2026-07-12	True	name=sat-dpll license=MIT OR Apache-2.0 desc=yes
savanty	pypi	2026-06-08	True	name=savanty v=0.3.0
scheduling-rs	crates.io	2026-07-12	True	name=scheduling-rs license=MIT OR Apache-2.0 desc=yes
scrap-quilt	npm	2026-08-29	False	name=scrap-quilt v=0.1.0 private=True
scrap-spark	npm	2026-08-29	False	name=scrap-spark v=1.0.0 private=True
scrap-voice	npm	2026-08-23	False	name=scrap-voice v=1.0.0 private=True
scratch-blocks	npm	2026-06-08	True	name=scratch-blocks v=2.1.19 private=False
scratch-www	npm	2026-06-08	True	name=www v=1.0.0 private=False
screen-agent	npm	2026-08-21	True	name=screen-agent v=1.0.0 private=False
screenpipe-conservation	crates.io	2026-07-12	False	name=None license=None desc=NO
scummvm-arcade	npm	2026-08-21	True	name=scummvm-arcade v=1.0.0 private=False
scummvm-gui-design	npm	2026-08-26	False	name=None v=None private=False
search-superinstance-ai	npm	2026-07-17	False	name=search-superinstance-ai v=0.1.0 private=True
secret-manager	crates.io	2026-06-08	True	name=secret-manager license=MIT OR Apache-2.0 desc=yes
secret-share	crates.io	2026-07-12	True	name=secret-share license=MIT OR Apache-2.0 desc=yes
secret-sharing	crates.io	2026-07-12	True	name=si-secret-sharing license=MIT OR Apache-2.0 desc=yes
seed-creative-swarm	pypi	2026-07-12	True	name=seed-creative-swarm v=0.1.0
seed-oscillate	pypi	2026-07-12	True	name=seed-oscillate v=0.1.0
segment-tree-rs	crates.io	2026-07-12	True	name=segment-tree-rs license=MIT desc=yes
semantic-field	crates.io	2026-07-12	True	name=semantic-field license=MIT desc=yes
semble	pypi	2026-06-08	True	name=semble v=None
sensor-bridge	pypi	2026-08-21	True	name=sensor-bridge v=0.1.0
serde	crates.io	2026-06-08	False	name=None license=None desc=NO
session-miner	crates.io	2026-06-11	True	name=session-miner license=MIT desc=yes
shadow-cathedral	crates.io	2026-07-12	True	name=shadow-cathedral license=MIT desc=yes
shadow-pipeline	crates.io	2026-07-12	True	name=shadow-pipeline license=MIT desc=yes
sheaf-agents	crates.io	2026-07-12	True	name=sheaf-agents license=MIT desc=yes
sheaf-agents-rs	crates.io	2026-07-12	True	name=sheaf-agents license=MIT desc=yes
sheaf-coherence	crates.io	2026-06-13	True	name=sheaf-coherence license=MIT desc=yes
sheaf-coherence-rs	crates.io	2026-07-12	True	name=sheaf-coherence-rs license=MIT desc=yes
sheaf-cohomology	crates.io	2026-07-12	True	name=sheaf-cohomology license=MIT desc=yes
sheaf-dynamics	crates.io	2026-07-12	False	name=sheaf-dynamics license=MIT desc=NO
sheaf-gossip	crates.io	2026-06-11	True	name=sheaf-gossip license=MIT desc=yes
sheaf-laplacian	crates.io	2026-07-12	True	name=sheaf-laplacian license=MIT desc=yes
sheaf-persistence-bundle	crates.io	2026-07-12	True	name=sheaf-persistence-bundle license=MIT desc=yes
sheaf-spectral	crates.io	2026-07-12	True	name=sheaf-spectral license=MIT OR Apache-2.0 desc=yes
shell	pypi	2026-07-12	True	name=bootstrap v=0.1.0
shell-history-analyzer	crates.io	2026-06-11	True	name=shell-history-analyzer license=MIT OR Apache-2.0 desc=yes
shell-mesh	crates.io	2026-07-12	True	name=shell-mesh license=MIT desc=yes
shepherds-console	pypi	2026-07-21	True	name=shepherds-console v=0.3.0
ship-log-search	npm	2026-07-18	True	name=ship-log-search v=1.0.0 private=False
shoal	npm	2026-08-25	True	name=shoal v=0.1.0 private=False
si-bench	crates.io	2026-07-12	True	name=si-bench license=MIT desc=yes
si-catalog	crates.io	2026-06-08	True	name=si-catalog license=MIT desc=yes
si-cli	crates.io	2026-06-08	True	name=si-cli license=MIT desc=yes
si-compaction-poc	crates.io	2026-07-12	False	name=si-compaction-poc license=MIT desc=NO
si-conservation-diffusion	crates.io	2026-07-12	True	name=si-conservation-diffusion license=MIT desc=yes
si-conservation-python	crates.io	2026-07-12	True	name=si-conservation-python license=MIT desc=yes
si-conservation-python	pypi	2026-07-12	True	name=si-conservation v=0.1.0
si-conservation-wasm	crates.io	2026-07-12	True	name=si-conservation-wasm license=MIT desc=yes
si-curvature-agent	crates.io	2026-07-12	True	name=si-curvature-agent license=MIT desc=yes
si-exocortex-rs	crates.io	2026-07-22	True	name=si-exocortex-rs license=MIT OR Apache-2.0 desc=yes
si-fibration-timing	crates.io	2026-07-12	True	name=si-fibration-timing license=MIT desc=yes
si-fleet-api	npm	2026-07-12	True	name=si-fleet-api v=1.0.0 private=False
si-fleet-health	crates.io	2026-07-12	True	name=si-fleet-health license=MIT desc=yes
si-geometric-demo	crates.io	2026-07-12	True	name=si-geometric-demo license=MIT desc=yes
si-gradient-flow	crates.io	2026-07-12	True	name=si-gradient-flow license=MIT desc=yes
si-hodge-consensus-demo	crates.io	2026-07-12	True	name=si-hodge-consensus-demo license=MIT desc=yes
si-information-geodesic	crates.io	2026-07-12	True	name=si-information-geodesic license=MIT desc=yes
si-kernel-agent	crates.io	2026-07-12	True	name=si-kernel-agent license=MIT desc=yes
si-lyapunov-fleet	crates.io	2026-07-12	True	name=si-lyapunov-fleet license=MIT desc=yes
si-markov-fleet	crates.io	2026-07-12	True	name=si-markov-fleet license=MIT desc=yes
si-mean-field	crates.io	2026-07-12	True	name=si-mean-field license=MIT desc=yes
si-morse-theory	crates.io	2026-07-12	True	name=si-morse-theory license=MIT desc=yes
si-noether-agent	crates.io	2026-07-12	True	name=si-noether-agent license=MIT desc=yes
si-persistence-agent	crates.io	2026-07-12	True	name=si-persistence-agent license=MIT desc=yes
si-registry-rs	crates.io	2026-07-12	True	name=si-registry-rs license=MIT desc=yes
si-renyi-entropy	crates.io	2026-07-12	True	name=si-renyi-entropy license=MIT desc=yes
si-runtime-js	npm	2026-07-12	True	name=si-runtime v=0.1.0 private=False
si-runtime-python	pypi	2026-07-12	True	name=si-runtime v=0.1.0
si-runtime-wasm	crates.io	2026-06-08	True	name=si-runtime-wasm license=MIT desc=yes
si-scanner	crates.io	2026-07-12	True	name=si-scanner license=MIT desc=yes
si-sheaf-gossip	crates.io	2026-07-12	False	name=si-sheaf-gossip license=MIT desc=NO
si-spectral-gap	crates.io	2026-07-12	True	name=si-spectral-gap license=MIT desc=yes
si-superinstance	pypi	2026-07-12	True	name=si-superinstance v=0.1.1
si-symplectic-agent	crates.io	2026-07-12	True	name=si-symplectic-agent license=MIT desc=yes
si-symplectic-gossip	crates.io	2026-07-12	True	name=si-symplectic-gossip license=MIT desc=yes
si-topological-protect	crates.io	2026-07-12	True	name=si-topological-protect license=MIT desc=yes
si-tropical-attention	crates.io	2026-07-12	True	name=si-tropical-attention license=MIT desc=yes
si-tropical-transport	crates.io	2026-07-12	True	name=si-tropical-transport license=MIT desc=yes
si-validator	crates.io	2026-06-08	True	name=si-validator license=MIT desc=yes
si-variational-agent	crates.io	2026-07-12	True	name=si-variational-agent license=MIT desc=yes
si-variational-bayes	crates.io	2026-07-12	True	name=si-variational-bayes license=MIT desc=yes
si-wasserstein-fleet	crates.io	2026-07-12	True	name=si-wasserstein-fleet license=MIT desc=yes
sia	pypi	2026-06-08	True	name=sia-agent v=0.2.1
signal-chain	crates.io	2026-08-19	True	name=signal-chain license=MIT desc=yes
signal-chain-integration	crates.io	2026-07-12	False	name=None license=None desc=NO
signal-router	crates.io	2026-07-12	True	name=signal-router license=MIT desc=yes
signal-transduction	crates.io	2026-07-12	True	name=signal-transduction license=MIT desc=yes
signaling-games	crates.io	2026-07-12	True	name=signaling-games license=MIT OR Apache-2.0 desc=yes
silence-map	npm	2026-08-21	True	name=silence-map v=1.0.0 private=False
silo-core	crates.io	2026-06-08	True	name=silo-core license=MIT OR Apache-2.0 desc=yes
simplicial-agent	crates.io	2026-07-12	True	name=simplicial-agent license=MIT desc=yes
simulated-anneal	crates.io	2026-07-12	True	name=simulated-anneal license=MIT desc=yes
simulation-ledger	crates.io	2026-07-12	True	name=simulation-ledger license=MIT desc=yes
skenna	pypi	2026-07-13	True	name=skenna-nav v=0.2.0
sketch-composite-headspace	npm	2026-07-12	True	name=composite-headspace v=0.1.0 private=False
skip-list-rs	crates.io	2026-07-12	True	name=skip-list-rs license=MIT OR Apache-2.0 desc=yes
slackwater-forge	pypi	2026-08-13	True	name=slackwater-forge v=0.1.0
slackwater-harmony	pypi	2026-08-13	True	name=slackwater-harmony v=0.2.0
slackwater-lattice	pypi	2026-08-13	True	name=slackwater-lattice v=0.1.0
slackwater-orchestrator	pypi	2026-08-13	True	name=symphony v=0.1.0
slackwater-perception	pypi	2026-08-13	True	name=slackwater-perception v=0.1.0
slackwater-rust	crates.io	2026-08-11	False	name=None license=None desc=NO
slackwater-substrate	pypi	2026-09-22	True	name=slackwater-perception v=0.1.0
slackwater-tempo	pypi	2026-08-13	True	name=slackwater-tempo v=0.1.0
slackwater-tminus	pypi	2026-08-13	True	name=slackwater-tminus v=0.1.0
slam-core	crates.io	2026-07-12	True	name=robo-slam-core license=MIT desc=yes
smart-404	npm	2026-07-17	True	name=smart-404 v=0.1.0 private=False
smp-notebook	npm	2026-08-13	True	name=smp-notebook v=1.0.0 private=False
smt-core	crates.io	2026-07-12	True	name=smt-core license=MIT OR Apache-2.0 desc=yes
snap-lut	pypi	2026-07-12	True	name=snap-lut v=0.1.0
snapkit-flux-bridge	pypi	2026-07-17	True	name=snapkit-flux-bridge v=0.1.0
snapkit-rs	crates.io	2026-07-12	True	name=snapkit-rs license=MIT desc=yes
snapkit-v2	pypi	2026-07-15	True	name=cocapn-snapkit v=2.8.0
solid-mechanics	crates.io	2026-07-12	True	name=solid-mechanics license=MIT OR Apache-2.0 desc=yes
sonar-vision	pypi	2026-08-31	True	name=sonar-vision v=0.1.0
sonar-vision-rs	crates.io	2026-07-12	True	name=sonar-vision license=MIT desc=yes
songforge	pypi	2026-08-25	True	name=songforge v=0.1.0
songline-math	npm	2026-06-08	True	name=songline-math v=0.1.0 private=False
songline-math-pypi	pypi	2026-07-12	True	name=songline-math v=0.1.0
songline-math-wasm	crates.io	2026-07-12	True	name=songline-math-wasm license=MIT desc=yes
sort-algo-rs	crates.io	2026-07-12	True	name=sort-algo-rs license=MIT OR Apache-2.0 desc=yes
spacedrive-fleet	crates.io	2026-07-12	True	name=cocapn-fleet license=MIT desc=yes
spacemap	crates.io	2026-07-12	True	name=forbidden-zones license=MIT desc=yes
sparse-matrix	crates.io	2026-07-12	True	name=sparse-matrix license=MIT OR Apache-2.0 desc=yes
spatial-registry	npm	2026-08-21	True	name=spatial-registry v=1.0.0 private=False
spectral-cayley	crates.io	2026-07-12	False	name=spectral-cayley license=MIT desc=NO
spectral-clustering	crates.io	2026-07-12	True	name=spectral-clustering license=MIT desc=yes
spectral-control	crates.io	2026-07-12	True	name=spectral-control license=MIT desc=yes
spectral-deadband	crates.io	2026-07-12	True	name=spectral-deadband license=MIT desc=yes
spectral-deadband-v2	crates.io	2026-07-12	True	name=spectral-deadband-v2 license=MIT desc=yes
spectral-emotions	crates.io	2026-07-12	True	name=spectral-emotions license=MIT desc=yes
spectral-est	crates.io	2026-07-12	True	name=spectral-est license=MIT OR Apache-2.0 desc=yes
spectral-fingerprint	crates.io	2026-06-09	True	name=spectral-fingerprint license=MIT desc=yes
spectral-fleet	crates.io	2026-06-13	True	name=spectral-fleet license=MIT desc=yes
spectral-fleet-rs	crates.io	2026-07-12	True	name=spectral-fleet license=MIT OR Apache-2.0 desc=yes
spectral-graph-agent-rs	crates.io	2026-07-12	False	name=spectral-graph-agent license=MIT desc=NO
spectral-graph-core	crates.io	2026-07-12	True	name=spectral-graph-core license=MIT desc=yes
spectral-graph-v2	crates.io	2026-07-12	True	name=spectral-graph-v2 license=MIT desc=yes
spectral-mechanics	crates.io	2026-08-21	False	name=spectral-mechanics license=MIT desc=NO
spectral-music-v2	crates.io	2026-08-21	True	name=spectral-music-v2 license=MIT desc=yes
spectral-prosody	crates.io	2026-06-13	True	name=spectral-prosody license=MIT desc=yes
spectral-prosody-rs	crates.io	2026-07-12	True	name=spectral-prosody-rs license=MIT desc=yes
spectral-shape	crates.io	2026-07-12	True	name=spectral-shape license=MIT desc=yes
spectral-transport	crates.io	2026-07-12	True	name=spectral-transport license=MIT desc=yes
spectro	pypi	2026-07-21	True	name=spectro-spectrograph v=0.1.0
splay-tree-rs	crates.io	2026-07-12	True	name=superinstance-splay-tree license=MIT desc=yes
spline-midi-smooth	pypi	2026-07-12	True	name=spline-midi-smooth v=0.1.0
spline-physics	crates.io	2026-07-12	False	name=spline-physics license=MIT desc=NO
spline-spectral	crates.io	2026-07-12	True	name=spline-spectral license=MIT desc=yes
spread	crates.io	2026-06-08	True	name=spread license=MIT desc=yes
spreadsheet-cells	pypi	2026-06-13	True	name=spreadsheet-cells v=0.1.0
spreadsheet-conservation-wasm	crates.io	2026-07-12	False	name=spreadsheet-conservation-wasm license=MIT desc=NO
spreadsheet-engine	crates.io	2026-06-13	True	name=spreadsheet-engine license=MIT desc=yes
spreadsheet-formulas	crates.io	2026-06-13	True	name=spreadsheet-formulas license=MIT desc=yes
spreadsheet-plr-bridge	crates.io	2026-06-09	True	name=spreadsheet-plr-bridge license=MIT desc=yes
spring-mass	crates.io	2026-07-12	True	name=spring-mass license=MIT OR Apache-2.0 desc=yes
stable-worldmodel	pypi	2026-07-12	True	name=stable-worldmodel v=0.1.0
starter-shell	npm	2026-09-22	True	name=@superinstance/starter-shell v=0.1.1 private=False
state-machine	crates.io	2026-07-12	True	name=state-machine license=MIT OR Apache-2.0 desc=yes
statistical-learning	crates.io	2026-07-12	True	name=statistical-learning license=MIT OR Apache-2.0 desc=yes
step-back-operator	crates.io	2026-07-12	True	name=step-back-operator license=MIT desc=yes
step-back-topology	crates.io	2026-07-12	True	name=step-back-topology license=MIT desc=yes
stigmergy	npm	2026-08-21	True	name=@superinstance/stigmergy v=1.0.0 private=False
storage-guardian	npm	2026-07-13	True	name=@superinstance/storage-guardian v=0.2.0 private=False
strategy-ecology	crates.io	2026-06-13	True	name=strategy-ecology license=MIT desc=yes
strategy-transfer	crates.io	2026-06-13	True	name=strategy-transfer license=MIT desc=yes
string-search-rs	crates.io	2026-07-12	True	name=string-search-rs license=MIT OR Apache-2.0 desc=yes
studylog-agent	pypi	2026-07-12	True	name=studylog-agent v=0.2.0
style-dna	pypi	2026-07-12	True	name=style-dna v=0.1.0
substrate-attest	npm	2026-09-22	True	name=@superinstance/substrate-attest v=0.1.0 private=False
substrate-attest-rs	crates.io	2026-09-22	True	name=substrate-attest license=MIT desc=yes
substrate-bench	npm	2026-09-21	True	name=substrate-bench v=0.1.0 private=False
substrate-bundle	npm	2026-09-22	True	name=@superinstance/substrate-bundle v=0.1.0 private=False
substrate-canary-pin	npm	2026-09-22	True	name=@superinstance/substrate-canary-pin v=0.1.0 private=False
substrate-contest	npm	2026-09-22	True	name=@superinstance/substrate-contest v=0.1.0 private=False
substrate-contest-rs	crates.io	2026-09-22	True	name=substrate-contest license=MIT desc=yes
substrate-delegate	npm	2026-09-22	True	name=@superinstance/substrate-delegate v=0.1.0 private=False
substrate-embedding	npm	2026-09-22	True	name=substrate-embedding v=0.0.1 private=False
substrate-forge	npm	2026-09-21	True	name=substrate-forge v=0.0.1 private=False
substrate-foundation	npm	2026-09-22	True	name=@superinstance/substrate-foundation v=0.1.0 private=False
substrate-game-engine	npm	2026-09-22	True	name=substrate-game-engine v=0.0.1 private=False
substrate-gan	npm	2026-09-22	True	name=substrate-gan v=0.0.1 private=False
substrate-llm-client	npm	2026-09-27	True	name=substrate-llm-client v=0.0.2 private=False
substrate-membership	npm	2026-09-22	True	name=@superinstance/substrate-membership v=0.1.0 private=False
substrate-merger	npm	2026-09-22	True	name=@superinstance/substrate-merger v=0.1.0 private=False
substrate-opposites	npm	2026-09-21	True	name=substrate-opposites v=0.0.1 private=False
substrate-post-quantum	npm	2026-09-21	True	name=substrate-post-quantum v=0.0.1 private=False
substrate-quantum	npm	2026-09-21	True	name=substrate-quantum v=0.0.1 private=False
substrate-revoke	npm	2026-09-22	True	name=@superinstance/substrate-revoke v=0.1.0 private=False
substrate-revoke-rs	crates.io	2026-09-22	True	name=substrate-revoke license=MIT desc=yes
substrate-rng	npm	2026-09-22	True	name=substrate-rng v=0.0.1 private=False
substrate-traverse	npm	2026-09-22	True	name=@superinstance/substrate-traverse v=0.1.0 private=False
substrate-vectors	npm	2026-09-24	True	name=substrate-vectors v=0.0.2 private=False
substrate-videogame-ml	npm	2026-09-22	True	name=substrate-videogame-ml v=0.0.1 private=False
substrate-walker	crates.io	2026-09-23	True	name=substrate-walker license=MIT desc=yes
substrate-withdraw	npm	2026-09-22	True	name=@superinstance/substrate-withdraw v=0.1.0 private=False
substrate-witness-log	npm	2026-09-22	True	name=@superinstance/substrate-witness-log v=0.1.0 private=False
substrate-witness-log-rs	crates.io	2026-09-22	True	name=substrate-witness-log license=MIT desc=yes
suffix-array-rs	crates.io	2026-07-12	True	name=suffix-array-rs license=MIT desc=yes
suffix-automaton-rs	crates.io	2026-07-12	True	name=suffix-automaton-rs license=MIT desc=yes
suna	npm	2026-07-12	False	name=kortix v=None private=True
sunset-ecosystem	pypi	2026-09-24	True	name=sunset-ecosystem v=0.1.0
supabase	npm	2026-06-08	False	name=supabase v=0.0.0 private=True
superinstance-agent	npm	2026-08-25	False	parse-error
superinstance-agent-trait	crates.io	2026-07-12	True	name=superinstance-agent-trait license=MIT OR Apache-2.0 desc=yes
superinstance-cocapn	crates.io	2026-08-27	False	name=superinstance-cocapn license=None desc=yes
superinstance-core	crates.io	2026-07-12	True	name=superinstance-core license=MIT desc=yes
superinstance-embedder	crates.io	2026-08-20	True	name=superinstance-embedder license=MIT OR Apache-2.0 desc=yes
superinstance-embedder	pypi	2026-08-20	True	name=superinstance-embedder v=0.2.0
superinstance-ffi	crates.io	2026-07-12	True	name=superinstance-ffi license=MIT desc=yes
superinstance-fleet-proto	crates.io	2026-07-12	True	name=superinstance-fleet-proto license=MIT desc=yes
superinstance-gpu-compute	crates.io	2026-07-12	True	name=superinstance-gpu-compute license=MIT desc=yes
superinstance-harness	crates.io	2026-07-12	True	name=superinstance-harness license=MIT desc=yes
superinstance-hdc-core	crates.io	2026-07-12	True	name=superinstance-hdc-core license=MIT desc=yes
superinstance-live	pypi	2026-07-12	True	name=superinstance-live v=0.1.0
superinstance-math	pypi	2026-07-12	True	name=superinstance-math v=0.1.0
superinstance-mcp	npm	2026-07-12	True	name=superinstance-mcp v=0.1.0 private=False
superinstance-protocol	crates.io	2026-08-21	True	name=superinstance-protocol license=MIT desc=yes
superinstance-runtime	pypi	2026-07-12	True	name=superinstance-runtime v=0.1.0
superinstance-ternary-wavelet	crates.io	2026-07-12	False	name=superinstance-ternary-wavelet license=None desc=yes
superinstance-vectorize	npm	2026-06-13	True	name=superinstance-vectorize v=1.0.0 private=False
superinstance-wiki	pypi	2026-07-12	True	name=superinstance-wiki v=1.0.0
surrealdb	crates.io	2026-07-12	True	name=surreal license=true desc=yes
swarm-anchor	pypi	2026-07-20	True	name=swarm-anchor v=0.1.0
swarm-signals	crates.io	2026-07-12	True	name=swarm-signals license=MIT desc=yes
swarm-tminus	pypi	2026-07-16	True	name=swarm-tminus v=0.2.2
symbiont-network	crates.io	2026-07-12	True	name=symbiont-network license=MIT desc=yes
symbol-table	crates.io	2026-07-12	True	name=symbol-table license=MIT desc=yes
symmetry-math	pypi	2026-07-12	True	name=symmetry-math v=0.1.0
symmetry-math-npm	npm	2026-07-12	True	name=symmetry-math v=1.0.0 private=False
symphony-orchestrator	npm	2026-07-12	True	name=symphony-orchestrator v=1.0.0 private=False
symphony-runtime	npm	2026-06-08	True	name=@superinstance/symphony-runtime v=1.0.0 private=False
symplectic-fleet	crates.io	2026-07-12	True	name=symplectic-fleet license=MIT desc=yes
symplectic-geometry	crates.io	2026-07-12	True	name=symplectic-geometry license=MIT desc=yes
symplectic-opt	crates.io	2026-07-12	True	name=symplectic-opt license=MIT desc=yes
symplectic-opt-rs	crates.io	2026-07-12	True	name=symplectic-opt license=MIT desc=yes
symplectic-spin	crates.io	2026-07-12	True	name=symplectic-spin license=Apache-2.0 desc=yes
sync-primitive	crates.io	2026-07-12	True	name=sync-primitive license=MIT desc=yes
synesis	crates.io	2026-09-22	False	name=None license=None desc=NO
synesis-cloud-app	npm	2026-09-22	False	name=superinstance-cloud v=0.2.0 private=True
synthcity	npm	2026-09-22	False	name=synthcity v=1.0.6 private=True
t-minus	crates.io	2026-07-12	True	name=t-minus license=MIT desc=yes
t-minus-rs	crates.io	2026-07-12	False	name=t-minus-rs license=None desc=yes
tagseq2tagseq4quilt	pypi	2026-09-21	True	name=tagseq2tagseq v=0.1.0
tap-frontend	npm	2026-09-04	True	name=tap-frontend v=1.0.0 private=False
tda-rs	crates.io	2026-06-08	True	name=tda-rs license=MIT OR Apache-2.0 desc=yes
technician	npm	2026-08-21	True	name=technician v=1.0.0 private=False
temporal-compress	crates.io	2026-07-12	True	name=temporal-compress license=MIT desc=yes
temporal-flux	pypi	2026-07-12	True	name=temporal-flux v=0.1.0
temporal-logic	crates.io	2026-07-12	True	name=temporal-logic license=MIT OR Apache-2.0 desc=yes
temporal-pattern	crates.io	2026-07-12	True	name=temporal-pattern license=MIT desc=yes
tensor-midi	npm	2026-09-19	True	name=tensor-midi v=1.1.0 private=False
terax-fleet-modules	npm	2026-07-12	True	name=@superinstance/fleet-modules v=0.1.0 private=False
terminal-entropy-harness	crates.io	2026-07-12	False	name=terminal-entropy-harness license=None desc=NO
terminal-forecast-harness	crates.io	2026-07-12	False	name=terminal-forecast-harness license=None desc=yes
terminal-hodge-harness	crates.io	2026-07-12	False	name=terminal-hodge-harness license=None desc=yes
terminal-sheaf-harness	crates.io	2026-07-12	True	name=terminal-sheaf-harness license=MIT desc=yes
terminal-spectral-harness	crates.io	2026-07-12	False	name=terminal-spectral-harness license=None desc=NO
ternary-accumulator	crates.io	2026-07-12	True	name=ternary-accumulator license=MIT desc=yes
ternary-activation	crates.io	2026-07-12	True	name=ternary-activation license=MIT OR Apache-2.0 desc=yes
ternary-active-inference	crates.io	2026-07-12	True	name=ternary-active-inference license=MIT desc=yes
ternary-adversarial	crates.io	2026-07-12	True	name=ternary-adversarial license=MIT desc=yes
ternary-agent	crates.io	2026-07-12	True	name=ternary-agent license=MIT desc=yes
ternary-anchor	crates.io	2026-07-12	True	name=ternary-anchor license=MIT desc=yes
ternary-antidote	crates.io	2026-07-12	True	name=ternary-antidote license=Apache-2.0 desc=yes
ternary-archive	crates.io	2026-07-12	True	name=ternary-archive license=MIT desc=yes
ternary-arena	crates.io	2026-07-12	True	name=ternary-arena license=MIT desc=yes
ternary-arithmetic	crates.io	2026-07-12	True	name=ternary-arithmetic license=MIT OR Apache-2.0 desc=yes
ternary-attention	crates.io	2026-07-12	True	name=ternary-attention license=MIT desc=yes
ternary-auction	crates.io	2026-07-12	True	name=ternary-auction license=MIT desc=yes
ternary-auto-vectorizer	crates.io	2026-07-12	True	name=ternary-auto-vectorizer license=Apache-2.0 desc=yes
ternary-automata	crates.io	2026-07-12	True	name=ternary-automata license=MIT desc=yes
ternary-backpressure	crates.io	2026-07-12	True	name=ternary-backpressure license=MIT desc=yes
ternary-baum-welch	crates.io	2026-07-12	True	name=ternary-baum-welch license=MIT OR Apache-2.0 desc=yes
ternary-bayesian	crates.io	2026-07-12	True	name=ternary-bayesian license=MIT desc=yes
ternary-beacon	crates.io	2026-07-12	True	name=ternary-beacon license=MIT desc=yes
ternary-belief	crates.io	2026-07-12	True	name=ternary-belief license=MIT desc=yes
ternary-benchmark	crates.io	2026-07-13	True	name=ternary-benchmark license=MIT desc=yes
ternary-bite	crates.io	2026-07-12	True	name=ternary-bite license=MIT desc=yes
ternary-blockchain	crates.io	2026-07-12	True	name=ternary-blockchain license=MIT desc=yes
ternary-bloom-filter	crates.io	2026-07-12	True	name=ternary-bloom-filter license=Apache-2.0 desc=yes
ternary-bridge	crates.io	2026-07-12	True	name=ternary-bridge license=MIT desc=yes
ternary-btree	crates.io	2026-07-12	True	name=ternary-btree license=MIT OR Apache-2.0 desc=yes
ternary-budget	crates.io	2026-07-12	True	name=ternary-budget license=MIT desc=yes
ternary-bus	crates.io	2026-07-12	True	name=ternary-bus license=MIT desc=yes
ternary-cache	crates.io	2026-07-12	True	name=ternary-cache license=MIT desc=yes
ternary-cadence	crates.io	2026-07-12	True	name=ternary-cadence license=MIT OR Apache-2.0 desc=yes
ternary-captain	crates.io	2026-07-12	True	name=ternary-captain license=MIT desc=yes
ternary-cargo	crates.io	2026-07-12	True	name=ternary-cargo license=MIT desc=yes
ternary-cartograph	crates.io	2026-07-12	True	name=ternary-cartograph license=MIT desc=yes
ternary-causality	crates.io	2026-07-12	True	name=ternary-causality license=MIT desc=yes
ternary-cell	crates.io	2026-07-12	True	name=ternary-cell license=MIT desc=yes
ternary-cell-python	pypi	2026-06-13	True	name=ternary-cell v=0.1.0
ternary-channel	crates.io	2026-07-12	True	name=ternary-channel license=MIT desc=yes
ternary-chaos	crates.io	2026-07-12	True	name=ternary-chaos license=MIT desc=yes
ternary-checkpoint	crates.io	2026-07-12	True	name=ternary-checkpoint license=MIT desc=yes
ternary-chemistry	crates.io	2026-07-12	True	name=ternary-chemistry license=MIT OR Apache-2.0 desc=yes
ternary-chronicle	crates.io	2026-07-12	True	name=ternary-chronicle license=MIT desc=yes
ternary-cipher	crates.io	2026-07-12	True	name=ternary-cipher license=MIT desc=yes
ternary-circuit	crates.io	2026-07-12	True	name=ternary-circuit license=MIT desc=yes
ternary-classifier	crates.io	2026-07-12	True	name=ternary-classifier license=MIT desc=yes
ternary-cli	crates.io	2026-07-12	True	name=ternary-cli license=MIT desc=yes
ternary-clustering	crates.io	2026-07-12	True	name=ternary-clustering license=MIT desc=yes
ternary-codes	crates.io	2026-07-12	True	name=ternary-codes license=MIT desc=yes
ternary-collatz	crates.io	2026-07-12	True	name=ternary-collatz license=MIT OR Apache-2.0 desc=yes
ternary-color	crates.io	2026-07-12	True	name=ternary-color license=MIT desc=yes
ternary-command	crates.io	2026-07-12	True	name=ternary-command license=MIT desc=yes
ternary-command-buffer	crates.io	2026-07-12	True	name=ternary-command-buffer license=MIT OR Apache-2.0 desc=yes
ternary-compass	crates.io	2026-07-12	True	name=ternary-compass license=MIT desc=yes
ternary-compiler	crates.io	2026-07-12	True	name=ternary-compiler license=MIT OR Apache-2.0 desc=yes
ternary-compiler-optimizer	crates.io	2026-07-12	True	name=ternary-compiler-optimizer license=MIT desc=yes
ternary-compiler-python	pypi	2026-06-13	True	name=ternary-compiler v=0.1.0
ternary-compiler-v2	crates.io	2026-07-12	True	name=ternary-compiler-v2 license=MIT desc=yes
ternary-complexity	crates.io	2026-07-12	True	name=ternary-complexity license=MIT desc=yes
ternary-compress	crates.io	2026-07-12	True	name=ternary-compress license=Apache-2.0 desc=yes
ternary-compression	crates.io	2026-08-21	True	name=ternary-compression license=MIT desc=yes
ternary-compression-v2	crates.io	2026-07-12	True	name=ternary-compression-v2 license=MIT desc=yes
ternary-conduct	crates.io	2026-07-12	True	name=ternary-conduct license=MIT desc=yes
ternary-consensus	crates.io	2026-07-13	True	name=ternary-consensus license=MIT desc=yes
ternary-conserve	crates.io	2026-08-21	True	name=ternary-conserve license=MIT desc=yes
ternary-constant-cache	crates.io	2026-08-21	True	name=ternary-constant-cache license=MIT OR Apache-2.0 desc=yes
ternary-constellation	crates.io	2026-07-12	True	name=ternary-constellation license=MIT desc=yes
ternary-constraint	crates.io	2026-07-12	True	name=ternary-constraint license=MIT desc=yes
ternary-control	crates.io	2026-07-12	True	name=ternary-control license=MIT desc=yes
ternary-conv	crates.io	2026-07-12	True	name=ternary-conv license=MIT OR Apache-2.0 desc=yes
ternary-cookbook	crates.io	2026-07-12	True	name=ternary-cookbook license=MIT desc=yes
ternary-coordination	crates.io	2026-07-12	True	name=ternary-coordination license=MIT desc=yes
ternary-core	crates.io	2026-07-12	True	name=ternary-core license=MIT OR Apache-2.0 desc=yes
ternary-cortex	crates.io	2026-07-13	True	name=ternary-cortex license=MIT desc=yes
ternary-counterpoint	crates.io	2026-07-12	True	name=ternary-counterpoint license=MIT desc=yes
ternary-critical	crates.io	2026-08-21	True	name=ternary-critical license=MIT desc=yes
ternary-criticality	crates.io	2026-07-12	True	name=ternary-criticality license=MIT desc=yes
ternary-crossfader	crates.io	2026-07-12	True	name=ternary-crossfader license=MIT desc=yes
ternary-crystal	crates.io	2026-07-12	True	name=ternary-crystal license=MIT desc=yes
ternary-cuda-kernels	crates.io	2026-07-12	True	name=ternary-cuda-kernels license=MIT OR Apache-2.0 desc=yes
ternary-cuda-kernels-v2	crates.io	2026-07-12	True	name=ternary-cuda-kernels-v2 license=MIT OR Apache-2.0 desc=yes
ternary-current	crates.io	2026-08-21	True	name=ternary-current license=MIT desc=yes
ternary-curriculum	crates.io	2026-07-12	True	name=ternary-curriculum license=MIT desc=yes
ternary-database	crates.io	2026-07-13	True	name=ternary-database license=MIT desc=yes
ternary-depth	crates.io	2026-08-21	True	name=ternary-depth license=MIT desc=yes
ternary-dice	crates.io	2026-08-21	True	name=ternary-dice license=MIT desc=yes
ternary-diehard	crates.io	2026-07-12	True	name=ternary-diehard license=MIT OR Apache-2.0 desc=yes
ternary-diff	crates.io	2026-08-21	True	name=ternary-diff license=MIT desc=yes
ternary-dispatch	crates.io	2026-07-12	True	name=ternary-dispatch license=MIT OR Apache-2.0 desc=yes
ternary-distill	crates.io	2026-07-12	True	name=ternary-distill license=MIT desc=yes
ternary-distributed	crates.io	2026-07-13	True	name=ternary-distributed license=MIT desc=yes
ternary-dockyard	crates.io	2026-07-12	True	name=ternary-dockyard license=MIT desc=yes
ternary-drift	crates.io	2026-07-12	True	name=ternary-drift license=MIT OR Apache-2.0 desc=yes
ternary-dropout	crates.io	2026-07-12	True	name=ternary-dropout license=MIT OR Apache-2.0 desc=yes
ternary-dynamics	crates.io	2026-07-12	True	name=ternary-dynamics license=MIT OR Apache-2.0 desc=yes
ternary-dynamics-python	pypi	2026-06-08	True	name=ternary-dynamics v=0.1.0
ternary-ear	crates.io	2026-07-12	True	name=ternary-ear license=MIT desc=yes
ternary-ear-training	crates.io	2026-07-12	True	name=ternary-ear-training license=MIT OR Apache-2.0 desc=yes
ternary-echo	crates.io	2026-07-12	True	name=ternary-echo license=MIT desc=yes
ternary-ecology	crates.io	2026-07-12	True	name=ternary-ecology license=MIT desc=yes
ternary-econ	crates.io	2026-07-12	True	name=ternary-econ license=MIT desc=yes
ternary-ecosystem	crates.io	2026-07-12	True	name=ternary-ecosystem license=Apache-2.0 desc=yes
ternary-electromagnetism	crates.io	2026-07-12	True	name=ternary-electromagnetism license=MIT desc=yes
ternary-em	crates.io	2026-07-13	True	name=ternary-em license=MIT desc=yes
ternary-energy	crates.io	2026-07-12	True	name=ternary-energy license=MIT desc=yes
ternary-engine	crates.io	2026-07-13	True	name=ternary-engine license=MIT desc=yes
ternary-ensemble	crates.io	2026-08-21	True	name=ternary-ensemble license=MIT desc=yes
ternary-ensign	crates.io	2026-07-12	True	name=ternary-ensign license=MIT desc=yes
ternary-entropy	crates.io	2026-07-13	True	name=ternary-entropy license=MIT desc=yes
ternary-envelope	crates.io	2026-07-12	True	name=ternary-envelope license=MIT desc=yes
ternary-epidemic	crates.io	2026-07-12	True	name=ternary-epidemic license=MIT desc=yes
ternary-epoch	crates.io	2026-07-12	True	name=ternary-epoch license=MIT OR Apache-2.0 desc=yes
ternary-event	crates.io	2026-07-12	True	name=ternary-event license=MIT desc=yes
ternary-event-pool	crates.io	2026-07-12	True	name=ternary-event-pool license=MIT OR Apache-2.0 desc=yes
ternary-evolution-advanced	crates.io	2026-07-12	True	name=ternary-evolution-advanced license=MIT desc=yes
ternary-experiment	crates.io	2026-08-07	True	name=ternary-experiment license=MIT desc=yes
ternary-experiment-workers	npm	2026-06-13	False	name=ternary-experiment-workers v=1.0.0 private=True
ternary-explain	crates.io	2026-07-12	True	name=ternary-explain license=MIT desc=yes
ternary-failure	crates.io	2026-07-12	True	name=ternary-failure license=MIT desc=yes
ternary-fault-tree	crates.io	2026-07-12	True	name=ternary-fault-tree license=MIT OR Apache-2.0 desc=yes
ternary-federated	crates.io	2026-07-12	True	name=ternary-federated license=MIT desc=yes
ternary-fence	crates.io	2026-07-12	True	name=ternary-fence license=MIT OR Apache-2.0 desc=yes
ternary-fib	crates.io	2026-07-12	True	name=ternary-fib license=MIT OR Apache-2.0 desc=yes
ternary-field	crates.io	2026-07-12	True	name=ternary-field license=MIT desc=yes
ternary-fire	crates.io	2026-07-12	True	name=ternary-fire license=MIT OR Apache-2.0 desc=yes
ternary-fitness	crates.io	2026-08-21	True	name=ternary-fitness license=MIT desc=yes
ternary-fitness-python	pypi	2026-06-10	True	name=ternary-fitness v=0.1.0
ternary-fleet-integration	crates.io	2026-07-12	False	name=ternary-fleet-integration license=None desc=yes
ternary-fleet-packing	crates.io	2026-07-12	True	name=ternary-fleet-packing license=MIT OR Apache-2.0 desc=yes
ternary-flux	crates.io	2026-07-12	True	name=ternary-flux license=MIT desc=yes
ternary-forgiveness	crates.io	2026-07-12	True	name=ternary-forgiveness license=MIT desc=yes
ternary-form	crates.io	2026-07-12	True	name=ternary-form license=MIT OR Apache-2.0 desc=yes
ternary-foundry	crates.io	2026-07-12	True	name=ternary-foundry license=MIT desc=yes
ternary-free-energy	crates.io	2026-07-12	True	name=ternary-free-energy license=MIT desc=yes
ternary-frontier	crates.io	2026-07-12	True	name=ternary-frontier license=MIT desc=yes
ternary-fuse	crates.io	2026-07-12	True	name=ternary-fuse license=MIT desc=yes
ternary-fuzzy	crates.io	2026-07-12	True	name=ternary-fuzzy license=MIT desc=yes
ternary-ga	crates.io	2026-07-12	True	name=ternary-ga license=MIT desc=yes
ternary-game-of-life	crates.io	2026-07-12	True	name=ternary-game-of-life license=MIT OR Apache-2.0 desc=yes
ternary-game-theory	crates.io	2026-07-12	True	name=ternary-game-theory license=MIT desc=yes
ternary-games	crates.io	2026-07-12	True	name=ternary-games license=MIT desc=yes
ternary-gate	crates.io	2026-07-12	True	name=ternary-gate license=Apache-2.0 desc=yes
ternary-gauge	crates.io	2026-07-12	True	name=ternary-gauge license=MIT OR Apache-2.0 desc=yes
ternary-gauge-theory	crates.io	2026-07-12	True	name=ternary-gauge-theory license=MIT OR Apache-2.0 desc=yes
ternary-gc	crates.io	2026-07-12	True	name=ternary-gc license=Apache-2.0 desc=yes
ternary-genetic	crates.io	2026-07-12	True	name=ternary-genetic license=MIT OR Apache-2.0 desc=yes
ternary-genome	crates.io	2026-07-12	True	name=ternary-genome license=MIT desc=yes
ternary-geometry	crates.io	2026-07-12	True	name=ternary-geometry license=MIT desc=yes
ternary-grace	crates.io	2026-07-12	True	name=ternary-grace license=MIT desc=yes
ternary-grad	crates.io	2026-07-12	True	name=ternary-grad license=MIT desc=yes
ternary-gradient	crates.io	2026-07-12	True	name=ternary-gradient license=MIT desc=yes
ternary-gradient-queue	crates.io	2026-07-12	True	name=ternary-gradient-queue license=MIT desc=yes
ternary-grain	crates.io	2026-07-12	True	name=ternary-grain license=MIT desc=yes
ternary-grammar	crates.io	2026-07-12	True	name=ternary-grammar license=MIT desc=yes
ternary-graph	crates.io	2026-08-21	True	name=ternary-graph license=MIT desc=yes
ternary-grid-launch	crates.io	2026-07-12	True	name=ternary-grid-launch license=MIT OR Apache-2.0 desc=yes
ternary-haar	crates.io	2026-07-12	True	name=ternary-haar license=MIT desc=yes
ternary-hamiltonian	crates.io	2026-07-13	True	name=ternary-hamiltonian license=MIT desc=yes
ternary-harbor	crates.io	2026-08-21	True	name=ternary-harbor license=MIT desc=yes
ternary-hardware	crates.io	2026-07-12	True	name=ternary-hardware license=MIT desc=yes
ternary-harmonic	crates.io	2026-07-12	True	name=ternary-harmonic license=MIT desc=yes
ternary-hash	crates.io	2026-07-13	True	name=ternary-hash license=MIT desc=yes
ternary-heap	crates.io	2026-07-12	True	name=ternary-heap license=MIT OR Apache-2.0 desc=yes
ternary-helm	crates.io	2026-07-12	True	name=ternary-helm license=MIT desc=yes
ternary-hmm	crates.io	2026-07-13	True	name=ternary-hmm license=MIT desc=yes
ternary-homology	crates.io	2026-07-12	True	name=ternary-homology license=MIT desc=yes
ternary-hotswap-inference	crates.io	2026-07-12	True	name=adaptive-inference license=MIT OR Apache-2.0 desc=yes
ternary-inference	crates.io	2026-07-13	True	name=ternary-inference license=MIT desc=yes
ternary-inference-sim	crates.io	2026-07-12	True	name=ternary-inference-sim license=MIT OR Apache-2.0 desc=yes
ternary-intent-cache	crates.io	2026-07-12	True	name=ternary-intent-cache license=Apache-2.0 desc=yes
ternary-interpreter	crates.io	2026-07-12	True	name=ternary-interpreter license=Apache-2.0 desc=yes
ternary-inventory	crates.io	2026-07-12	True	name=ternary-inventory license=MIT desc=yes
ternary-irradiate	crates.io	2026-07-12	True	name=ternary-irradiate license=MIT OR Apache-2.0 desc=yes
ternary-ising	crates.io	2026-07-12	True	name=ternary-ising license=MIT desc=yes
ternary-jam	crates.io	2026-07-12	True	name=ternary-jam license=MIT desc=yes
ternary-kalman	crates.io	2026-07-12	True	name=ternary-kalman license=MIT desc=yes
ternary-kernel-launch	crates.io	2026-07-12	True	name=ternary-kernel-launch license=MIT OR Apache-2.0 desc=yes
ternary-knn	crates.io	2026-07-13	True	name=ternary-knn license=MIT desc=yes
ternary-knot	crates.io	2026-07-12	True	name=ternary-knot license=MIT desc=yes
ternary-kuramoto	crates.io	2026-07-12	True	name=ternary-kuramoto license=MIT desc=yes
ternary-language	crates.io	2026-07-12	True	name=ternary-language license=MIT desc=yes
ternary-language-evolution	crates.io	2026-07-12	True	name=ternary-language-evolution license=MIT desc=yes
ternary-language-model	crates.io	2026-07-12	True	name=ternary-language-model license=MIT desc=yes
ternary-lattice	crates.io	2026-07-13	True	name=ternary-lattice license=MIT desc=yes
ternary-lattice-gc	crates.io	2026-07-12	True	name=ternary-lattice-gc license=MIT desc=yes
ternary-lease	crates.io	2026-07-12	True	name=ternary-lease license=Apache-2.0 desc=yes
ternary-life	crates.io	2026-07-12	True	name=ternary-life license=MIT OR Apache-2.0 desc=yes
ternary-lighthouse	crates.io	2026-07-12	True	name=ternary-lighthouse license=MIT desc=yes
ternary-llm	crates.io	2026-07-12	True	name=ternary-llm license=MIT desc=yes
ternary-locks	crates.io	2026-07-12	True	name=ternary-locks license=MIT desc=yes
ternary-logic	crates.io	2026-07-12	True	name=ternary-logic license=MIT desc=yes
ternary-logistic	crates.io	2026-08-21	True	name=ternary-logistic license=MIT desc=yes
ternary-loop	crates.io	2026-07-12	True	name=ternary-loop license=MIT desc=yes
ternary-loss	crates.io	2026-08-21	True	name=ternary-loss license=MIT desc=yes
ternary-market	crates.io	2026-07-12	True	name=ternary-market license=MIT desc=yes
ternary-markov	crates.io	2026-07-12	True	name=ternary-markov license=MIT desc=yes
ternary-matmul	crates.io	2026-07-13	True	name=ternary-matmul license=MIT desc=yes
ternary-matrix	crates.io	2026-07-12	True	name=ternary-matrix license=MIT desc=yes
ternary-membrane	crates.io	2026-07-12	True	name=ternary-membrane license=MIT desc=yes
ternary-memory	crates.io	2026-08-21	True	name=ternary-memory license=MIT desc=yes
ternary-memory-pool	crates.io	2026-07-12	True	name=ternary-memory-pool license=MIT OR Apache-2.0 desc=yes
ternary-mesh	crates.io	2026-07-12	True	name=ternary-mesh license=MIT desc=yes
ternary-metrics	crates.io	2026-07-13	True	name=ternary-metrics license=MIT desc=yes
ternary-minority	crates.io	2026-07-12	True	name=ternary-minority license=MIT OR Apache-2.0 desc=yes
ternary-mirror	crates.io	2026-07-12	True	name=ternary-mirror license=Apache-2.0 desc=yes
ternary-mixer	crates.io	2026-07-12	True	name=ternary-mixer license=MIT desc=yes
ternary-morph	crates.io	2026-07-12	True	name=ternary-morph license=MIT OR Apache-2.0 desc=yes
ternary-morphogenesis	crates.io	2026-07-12	True	name=ternary-morphogenesis license=MIT desc=yes
ternary-motion	crates.io	2026-07-12	True	name=ternary-motion license=MIT desc=yes
ternary-mud	crates.io	2026-07-12	True	name=ternary-mud license=MIT desc=yes
ternary-muse	crates.io	2026-07-12	True	name=ternary-muse license=MIT desc=yes
ternary-music	crates.io	2026-07-12	True	name=ternary-music license=MIT desc=yes
ternary-mutual-info	crates.io	2026-07-12	True	name=ternary-mutual-info license=MIT desc=yes
ternary-navigator	crates.io	2026-07-12	True	name=ternary-navigator license=MIT desc=yes
ternary-needledrop	crates.io	2026-07-12	True	name=ternary-needledrop license=MIT desc=yes
ternary-negotiate	crates.io	2026-07-12	True	name=ternary-negotiate license=MIT desc=yes
ternary-network	crates.io	2026-07-13	True	name=ternary-network license=MIT desc=yes
ternary-noether	crates.io	2026-07-12	True	name=ternary-noether license=MIT desc=yes
ternary-noise	crates.io	2026-07-12	True	name=ternary-noise license=MIT desc=yes
ternary-norm	crates.io	2026-08-21	True	name=ternary-norm license=MIT desc=yes
ternary-observatory	crates.io	2026-07-12	True	name=ternary-observatory license=MIT desc=yes
ternary-optimizer	crates.io	2026-07-13	True	name=ternary-optimizer license=MIT desc=yes
ternary-oracle	crates.io	2026-07-12	True	name=ternary-oracle license=MIT desc=yes
ternary-pack	crates.io	2026-07-12	True	name=ternary-pack license=Apache-2.0 desc=yes
ternary-pagerank	crates.io	2026-07-12	True	name=ternary-pagerank license=MIT desc=yes
ternary-pan	crates.io	2026-07-12	True	name=ternary-pan license=MIT desc=yes
ternary-pareto	crates.io	2026-07-12	True	name=ternary-pareto license=MIT desc=yes
ternary-paxos	crates.io	2026-07-13	True	name=ternary-paxos license=MIT desc=yes
ternary-pca	crates.io	2026-07-12	True	name=ternary-pca license=MIT desc=yes
ternary-percolate	crates.io	2026-07-12	False	name=ternary-percolate license=None desc=NO
ternary-percolation	crates.io	2026-07-12	True	name=ternary-percolation license=MIT OR Apache-2.0 desc=yes
ternary-permutation	crates.io	2026-07-13	True	name=ternary-permutation license=MIT desc=yes
ternary-petri	crates.io	2026-07-12	True	name=ternary-petri license=MIT OR Apache-2.0 desc=yes
ternary-phase	crates.io	2026-07-12	True	name=ternary-phase license=MIT desc=yes
ternary-pheromone-market	crates.io	2026-07-12	True	name=ternary-pheromone-market license=Apache-2.0 desc=yes
ternary-pid	crates.io	2026-07-13	True	name=ternary-pid license=MIT desc=yes
ternary-pilgrim	crates.io	2026-07-12	True	name=ternary-pilgrim license=MIT desc=yes
ternary-pipeline	crates.io	2026-07-12	True	name=ternary-pipeline license=MIT desc=yes
ternary-pipeline-parallel	crates.io	2026-07-12	True	name=ternary-pipeline-parallel license=MIT OR Apache-2.0 desc=yes
ternary-planning	crates.io	2026-07-12	True	name=ternary-planning license=MIT desc=yes
ternary-platoon	crates.io	2026-07-12	True	name=ternary-platoon license=MIT desc=yes
ternary-polyrhythm	crates.io	2026-07-12	True	name=ternary-polyrhythm license=MIT desc=yes
ternary-pool	crates.io	2026-07-12	True	name=ternary-pool license=MIT OR Apache-2.0 desc=yes
ternary-popgen	crates.io	2026-07-12	True	name=ternary-popgen license=MIT desc=yes
ternary-predict	crates.io	2026-07-12	True	name=ternary-predict license=MIT desc=yes
ternary-priority-queue	crates.io	2026-07-12	True	name=ternary-priority-queue license=Apache-2.0 desc=yes
ternary-projection	crates.io	2026-07-12	True	name=ternary-projection license=MIT desc=yes
ternary-proof	crates.io	2026-07-12	True	name=ternary-proof license=MIT desc=yes
ternary-prophet	crates.io	2026-07-12	True	name=ternary-prophet license=MIT desc=yes
ternary-protocol	crates.io	2026-07-12	True	name=ternary-protocol license=MIT desc=yes
ternary-protocol-python	pypi	2026-06-10	True	name=ternary-protocol v=0.1.0
ternary-prune	crates.io	2026-07-12	True	name=ternary-prune license=MIT desc=yes
ternary-quantize	crates.io	2026-07-12	True	name=ternary-quantize license=MIT OR Apache-2.0 desc=yes
ternary-quantum	crates.io	2026-07-12	True	name=ternary-quantum license=MIT desc=yes
ternary-quorum	crates.io	2026-07-13	True	name=ternary-quorum license=MIT desc=yes
ternary-rack	crates.io	2026-07-12	True	name=ternary-rack license=MIT desc=yes
ternary-rate-limiter	crates.io	2026-07-12	True	name=ternary-rate-limiter license=Apache-2.0 desc=yes
ternary-reassembly	crates.io	2026-07-12	True	name=ternary-reassembly license=MIT desc=yes
ternary-reef	crates.io	2026-07-12	True	name=ternary-reef license=MIT desc=yes
ternary-regex	crates.io	2026-08-21	True	name=ternary-regex license=MIT desc=yes
ternary-register-file	crates.io	2026-07-12	True	name=ternary-register-file license=MIT OR Apache-2.0 desc=yes
ternary-registry	crates.io	2026-07-13	True	name=ternary-registry license=MIT desc=yes
ternary-registry-v2	crates.io	2026-07-12	True	name=ternary-registry-v2 license=MIT desc=yes
ternary-regression	crates.io	2026-08-21	True	name=ternary-regression license=MIT desc=yes
ternary-renormalization	crates.io	2026-07-12	True	name=ternary-renormalization license=MIT desc=yes
ternary-renormalize	crates.io	2026-07-12	True	name=ternary-renormalize license=MIT desc=yes
ternary-replay	crates.io	2026-07-12	True	name=ternary-replay license=MIT desc=yes
ternary-reservoir	crates.io	2026-07-12	True	name=ternary-reservoir license=MIT desc=yes
ternary-resilience	crates.io	2026-07-12	False	name=ternary-resilience license=None desc=yes
ternary-resonance	crates.io	2026-07-12	True	name=ternary-resonance license=MIT desc=yes
ternary-retry	crates.io	2026-07-12	True	name=ternary-retry license=Apache-2.0 desc=yes
ternary-rhythm	crates.io	2026-06-16	True	name=ternary-rhythm license=MIT desc=yes
ternary-rigging	crates.io	2026-07-12	True	name=ternary-rigging license=MIT desc=yes
ternary-ring	crates.io	2026-07-12	True	name=ternary-ring license=MIT desc=yes
ternary-rl	crates.io	2026-07-12	True	name=ternary-rl license=MIT desc=yes
ternary-robotics	crates.io	2026-07-12	True	name=ternary-robotics license=MIT desc=yes
ternary-rom	pypi	2026-08-22	True	name=ternary-rom v=0.3.0
ternary-room	crates.io	2026-07-12	True	name=ternary-room license=MIT desc=yes
ternary-route	crates.io	2026-07-12	True	name=ternary-route license=MIT desc=yes
ternary-routing	crates.io	2026-07-12	True	name=ternary-routing license=Apache-2.0 desc=yes
ternary-runlength	crates.io	2026-07-12	True	name=ternary-runlength license=MIT OR Apache-2.0 desc=yes
ternary-sampler	crates.io	2026-07-12	True	name=ternary-sampler license=MIT desc=yes
ternary-sandbox	crates.io	2026-07-13	True	name=ternary-sandbox license=MIT desc=yes
ternary-sandpile	crates.io	2026-07-12	True	name=ternary-sandpile license=MIT OR Apache-2.0 desc=yes
ternary-scheduler	crates.io	2026-07-13	True	name=ternary-scheduler license=MIT desc=yes
ternary-scheduling	crates.io	2026-08-21	True	name=ternary-scheduling license=MIT desc=yes
ternary-scheduling-v2	crates.io	2026-07-12	True	name=ternary-scheduling-v2 license=MIT desc=yes
ternary-science	crates.io	2026-07-13	True	name=ternary-science license=MIT desc=yes
ternary-scoring	crates.io	2026-08-21	True	name=ternary-scoring license=MIT desc=yes
ternary-search	crates.io	2026-07-13	True	name=ternary-search license=MIT desc=yes
ternary-search-index	crates.io	2026-07-12	True	name=ternary-search-index license=Apache-2.0 desc=yes
ternary-search-rs	crates.io	2026-07-12	False	name=ternary-search-rs license=None desc=yes
ternary-secret-share	crates.io	2026-07-12	True	name=ternary-secret-share license=MIT OR Apache-2.0 desc=yes
ternary-seed	crates.io	2026-07-12	True	name=ternary-seed license=MIT desc=yes
ternary-semaphore	crates.io	2026-07-12	True	name=ternary-semaphore license=Apache-2.0 desc=yes
ternary-sensor	crates.io	2026-07-12	True	name=ternary-sensor license=MIT desc=yes
ternary-shard	crates.io	2026-07-12	True	name=ternary-shard license=Apache-2.0 desc=yes
ternary-shard-merge	crates.io	2026-07-12	True	name=ternary-shard-merge license=MIT OR Apache-2.0 desc=yes
ternary-shard-split	crates.io	2026-07-12	True	name=ternary-shard-split license=MIT desc=yes
ternary-shared-memory	crates.io	2026-07-12	True	name=ternary-shared-memory license=MIT OR Apache-2.0 desc=yes
ternary-sheaf	crates.io	2026-07-12	True	name=ternary-sheaf license=MIT desc=yes
ternary-shield	crates.io	2026-07-12	True	name=ternary-shield license=MIT OR Apache-2.0 desc=yes
ternary-shipyard	crates.io	2026-07-12	True	name=ternary-shipyard license=MIT desc=yes
ternary-signal-flow	crates.io	2026-07-12	True	name=ternary-signal-flow license=Apache-2.0 desc=yes
ternary-signaling	crates.io	2026-07-12	True	name=ternary-signaling license=MIT desc=yes
ternary-signals	crates.io	2026-07-12	True	name=ternary-signals license=MIT desc=yes
ternary-sketch	crates.io	2026-07-12	True	name=ternary-sketch license=Apache-2.0 desc=yes
ternary-som	crates.io	2026-07-12	True	name=ternary-som license=MIT desc=yes
ternary-sort	crates.io	2026-07-13	True	name=ternary-sort license=MIT desc=yes
ternary-spatial	crates.io	2026-07-12	True	name=ternary-spatial license=MIT desc=yes
ternary-speculate	crates.io	2026-07-12	True	name=ternary-speculate license=MIT desc=yes
ternary-spiral	crates.io	2026-08-21	True	name=ternary-spiral license=MIT desc=yes
ternary-spreadsheet	crates.io	2026-07-13	True	name=ternary-spreadsheet license=MIT desc=yes
ternary-spreadsheet-python	pypi	2026-06-13	True	name=ternary-spreadsheet v=0.1.0
ternary-steganography	crates.io	2026-07-12	True	name=ternary-steganography license=MIT desc=yes
ternary-steward	crates.io	2026-07-12	True	name=ternary-steward license=MIT desc=yes
ternary-story	crates.io	2026-07-12	True	name=ternary-story license=MIT desc=yes
ternary-stream-queue	crates.io	2026-07-12	True	name=ternary-stream-queue license=MIT OR Apache-2.0 desc=yes
ternary-streaming	crates.io	2026-07-12	True	name=ternary-streaming license=MIT desc=yes
ternary-surface-memory	crates.io	2026-07-12	True	name=ternary-surface-memory license=MIT OR Apache-2.0 desc=yes
ternary-svm	crates.io	2026-07-13	True	name=ternary-svm license=MIT OR Apache-2.0 desc=yes
ternary-swarm	crates.io	2026-07-13	True	name=ternary-swarm license=MIT desc=yes
ternary-symbiont	crates.io	2026-07-12	True	name=ternary-symbiont license=MIT desc=yes
ternary-symmetry	crates.io	2026-07-12	True	name=ternary-symmetry license=MIT desc=yes
ternary-sync	crates.io	2026-07-12	True	name=ternary-sync license=MIT OR Apache-2.0 desc=yes
ternary-temperament	crates.io	2026-07-12	True	name=ternary-temperament license=MIT OR Apache-2.0 desc=yes
ternary-tempo	crates.io	2026-07-12	True	name=ternary-tempo license=MIT desc=yes
ternary-tenforward	crates.io	2026-08-21	True	name=ternary-tenforward license=MIT desc=yes
ternary-tensor	crates.io	2026-07-12	True	name=ternary-tensor license=MIT desc=yes
ternary-tensor-parallel	crates.io	2026-07-12	True	name=ternary-tensor-parallel license=MIT OR Apache-2.0 desc=yes
ternary-texture-memory	crates.io	2026-07-12	True	name=ternary-texture-memory license=MIT OR Apache-2.0 desc=yes
ternary-thermodynamics	crates.io	2026-07-12	True	name=ternary-thermodynamics license=MIT desc=yes
ternary-thermostat	crates.io	2026-07-12	False	name=ternary-thermostat license=None desc=NO
ternary-thread-block	crates.io	2026-07-12	True	name=ternary-thread-block license=MIT OR Apache-2.0 desc=yes
ternary-tidelight	crates.io	2026-07-12	True	name=ternary-tidelight license=MIT desc=yes
ternary-tidepool	crates.io	2026-07-12	True	name=ternary-tidepool license=MIT desc=yes
ternary-timbre	crates.io	2026-07-12	True	name=ternary-timbre license=MIT OR Apache-2.0 desc=yes
ternary-tnn	crates.io	2026-07-12	True	name=ternary-tnn license=MIT desc=yes
ternary-topology	crates.io	2026-07-13	True	name=ternary-topology license=MIT desc=yes
ternary-transfer	crates.io	2026-07-13	True	name=ternary-transfer license=MIT desc=yes
ternary-transform	crates.io	2026-07-12	True	name=ternary-transform license=MIT desc=yes
ternary-transformer	crates.io	2026-07-13	True	name=ternary-transformer license=MIT desc=yes
ternary-trees	crates.io	2026-07-12	True	name=ternary-trees license=MIT desc=yes
ternary-trust	crates.io	2026-08-21	True	name=ternary-trust license=MIT desc=yes
ternary-tuple	crates.io	2026-07-13	True	name=ternary-tuple license=MIT desc=yes
ternary-turing	crates.io	2026-07-13	True	name=ternary-turing license=MIT desc=yes
ternary-types	crates.io	2026-07-12	True	name=ternary-types license=MIT OR Apache-2.0 desc=yes
ternary-validation	crates.io	2026-07-12	True	name=ternary-validation license=MIT desc=yes
ternary-version	crates.io	2026-07-12	True	name=ternary-version license=Apache-2.0 desc=yes
ternary-visualization	crates.io	2026-07-12	True	name=ternary-visualization license=MIT desc=yes
ternary-visualizer	crates.io	2026-07-12	True	name=ternary-visualizer license=MIT desc=yes
ternary-viterbi	crates.io	2026-07-12	True	name=ternary-viterbi license=MIT desc=yes
ternary-vortex	crates.io	2026-07-12	True	name=ternary-vortex license=MIT desc=yes
ternary-voting	crates.io	2026-07-12	True	name=ternary-voting license=MIT desc=yes
ternary-voyage	crates.io	2026-07-12	True	name=ternary-voyage license=MIT desc=yes
ternary-vu	crates.io	2026-07-12	True	name=ternary-vu license=MIT desc=yes
ternary-walk	crates.io	2026-07-12	True	name=ternary-walk license=MIT OR Apache-2.0 desc=yes
ternary-walsh	crates.io	2026-07-12	True	name=ternary-walsh license=MIT desc=yes
ternary-warp	crates.io	2026-07-12	True	name=ternary-warp license=MIT OR Apache-2.0 desc=yes
ternary-warp-block	crates.io	2026-07-12	True	name=ternary-warp-block license=MIT OR Apache-2.0 desc=yes
ternary-wasm	crates.io	2026-07-12	True	name=ternary-wasm license=MIT desc=yes
ternary-watermark	crates.io	2026-07-12	True	name=ternary-watermark license=Apache-2.0 desc=yes
ternary-wave	crates.io	2026-07-12	True	name=ternary-wave license=MIT desc=yes
ternary-weather	crates.io	2026-07-12	True	name=ternary-weather license=MIT desc=yes
ternary-world	crates.io	2026-07-12	True	name=ternary-world license=MIT desc=yes
ternary-zigzag	crates.io	2026-07-12	True	name=ternary-zigzag license=MIT desc=yes
ternary-zkp	crates.io	2026-07-13	True	name=ternary-zkp license=MIT desc=yes
test-mutator	crates.io	2026-07-12	True	name=test-mutator license=MIT desc=yes
texture-synth	crates.io	2026-07-12	True	name=texture-synth license=MIT desc=yes
the-listeners-ear	npm	2026-08-23	True	name=the-listeners-ear v=1.0.0 private=False
the-relay	pypi	2026-08-21	True	name=the-relay v=0.1.0
the-rotation	crates.io	2026-07-12	False	name=None license=None desc=NO
the-tap	crates.io	2026-09-21	False	name=None license=None desc=NO
the-tap	npm	2026-09-21	False	name=the-tap-workers v=0.1.0 private=True
the-technician	npm	2026-08-21	False	name=the-technician v=1.0.0 private=True
thermal-budget	pypi	2026-07-12	True	name=thermal-budget v=0.1.0
thermal-equilibrium	crates.io	2026-07-12	True	name=thermal-equilibrium license=MIT desc=yes
thermodynamics	crates.io	2026-07-12	True	name=thermodynamics license=MIT OR Apache-2.0 desc=yes
thought-amplifier	pypi	2026-09-03	True	name=thought-amplifier v=0.1.0
three-forms-of-evidence	npm	2026-09-22	True	name=@superinstance/three-forms-of-evidence v=0.1.0 private=False
three-forms-of-forgetting	npm	2026-09-22	True	name=@superinstance/three-forms-of-forgetting v=0.1.0 private=False
tick-engine	crates.io	2026-07-12	True	name=tick-engine license=MIT desc=yes
tick-engine-v2	crates.io	2026-07-12	True	name=tick-engine-v2 license=MIT desc=yes
tide-pool	pypi	2026-06-08	True	name=tidepool v=0.1.0
tidepool	npm	2026-09-25	False	name=tide-pool v=None private=True
tile-chain	pypi	2026-07-12	True	name=tile-chain v=0.1.0
tile-compiler	pypi	2026-06-13	True	name=tile-compiler v=0.1.0
tile-memory-early-version	pypi	2026-07-12	True	name=tile-memory v=0.1.0
tiny-agent-protocol	crates.io	2026-07-12	True	name=tiny-agent-protocol license=MIT desc=yes
tiny-ecs	crates.io	2026-07-12	True	name=super-tiny-ecs license=MIT OR Apache-2.0 desc=yes
tiny-neural	crates.io	2026-07-12	True	name=tiny-neural license=MIT OR Apache-2.0 desc=yes
tit-quilt	pypi	2026-08-28	True	name=tit-quilt v=0.1.0
tminus-client	npm	2026-06-13	True	name=@superinstance/tminus-client v=1.0.0 private=False
tminus-dispatcher	npm	2026-06-13	True	name=@superinstance/tminus-dispatcher v=1.0.0 private=False
tminus-music	crates.io	2026-07-12	True	name=tminus-music license=MIT desc=yes
token-stream	crates.io	2026-07-12	True	name=token-stream license=MIT desc=yes
tonnetz-constraints	crates.io	2026-07-12	False	name=tonnetz-constraints license=None desc=yes
topo-merge	crates.io	2026-06-09	True	name=topo-merge license=MIT desc=yes
topo-sonata	crates.io	2026-07-12	True	name=topo-sonata license=MIT desc=yes
topo-sonata-rs	crates.io	2026-07-12	True	name=topo-sonata-rs license=MIT desc=yes
topological-flow	crates.io	2026-07-12	False	name=topological-flow license=None desc=NO
topological-sort-agent-rs	crates.io	2026-07-12	True	name=topological-sort-agent license=MIT desc=yes
topology-anomaly-detector	pypi	2026-07-12	True	name=topology_anomaly_detector v=0.1.0
topology-bench	crates.io	2026-07-12	True	name=topology-bench license=MIT desc=yes
topology-lab	crates.io	2026-06-08	False	name=topology-lab license=None desc=NO
torch-vector-search	pypi	2026-06-13	True	name=torch-vector-search v=0.1.0
tracer-rs-archive	crates.io	2026-09-20	True	name=tracer-rs license=MIT OR Apache-2.0 desc=yes
train-llm-from-scratch	pypi	2026-06-13	True	name=train-llm-from-scratch v=0.1.0
training-throttle	npm	2026-07-12	True	name=training-throttle v=0.1.0 private=False
training-throttle	pypi	2026-07-12	True	name=training-throttle v=0.1.0
transfer-entropy	crates.io	2026-07-12	True	name=transfer-entropy license=MIT desc=yes
trawl	pypi	2026-07-20	True	name=trawl-fishing v=0.1.0
treap-rs	crates.io	2026-07-12	True	name=treap-rs license=MIT desc=yes
trinity-marine-station	npm	2026-08-13	False	name=trinity-marine-station v=0.5.1-phase4.5 private=True
tripartite-rs-archive	crates.io	2026-09-22	True	name=tripartite-rs license=MIT OR Apache-2.0 desc=yes
triplet-miner	pypi	2026-06-08	True	name=triplet-miner v=0.1.0
tropical-algebra	crates.io	2026-07-12	True	name=tropical-algebra license=MIT desc=yes
tropical-attention	crates.io	2026-07-12	True	name=tropical-attention license=MIT desc=yes
tropical-geometry	crates.io	2026-07-12	False	name=tropical-geometry license=None desc=yes
tropical-geometry-rs	crates.io	2026-07-12	True	name=lau-tropical-geometry license=MIT desc=yes
tropical-graph	crates.io	2026-07-12	True	name=tropical-graph license=MIT desc=yes
tropical-neural	crates.io	2026-07-12	True	name=tropical-neural license=MIT desc=yes
tropical-synth	crates.io	2026-06-09	True	name=tropical-synth license=MIT desc=yes
turbovec-integration-ccc	pypi	2026-07-12	True	name=turbovec-integration-ccc v=0.1.0
twist-engine	npm	2026-09-21	False	name=twist-engine v=1.1.0 private=True
typst	crates.io	2026-06-08	False	name=None license=None desc=NO
usemeter-archive	crates.io	2026-09-22	True	name=usemeter license=MIT OR Apache-2.0 desc=yes
uv	crates.io	2026-06-08	False	name=None license=None desc=NO
uv	pypi	2026-06-08	True	name=uv v=0.11.18
uv-cache-guardian	crates.io	2026-07-12	True	name=uv-cache-guardian license=MIT OR Apache-2.0 desc=yes
vector-clock	crates.io	2026-07-12	True	name=vector-clock license=MIT desc=yes
vector-clock-rs	crates.io	2026-07-12	True	name=vector-clock-rs license=MIT desc=yes
vector-novelty	pypi	2026-09-22	True	name=vector-novelty v=0.1.0
venue-personality	crates.io	2026-07-12	True	name=venue-personality license=MIT desc=yes
vessel-bridge	pypi	2026-08-21	True	name=vessel-bridge v=0.1.0
vessel-constellation	crates.io	2026-07-12	True	name=vessel-constellation license=MIT desc=yes
vessel-monitor	npm	2026-08-14	False	name=world-monitor v=2.10.0 private=True
vessel-prototype	pypi	2026-08-21	True	name=vessel-prototype v=1.0.0
vessel-quest	pypi	2026-08-13	True	name=vessel-quest v=0.1.0
vessel-room-navigator	npm	2026-08-21	True	name=vessel-room-navigator v=1.0.0 private=False
vetcheck	pypi	2026-07-20	True	name=vetcheck v=0.1.3
vibe-core	crates.io	2026-07-12	False	name=vibe-core license=None desc=NO
vibe-graph	crates.io	2026-07-12	True	name=vibe-graph license=MIT desc=yes
vibe-protocol	npm	2026-08-21	True	name=vibe-protocol v=1.0.0 private=False
vite	npm	2026-06-08	False	name=@vitejs/vite-monorepo v=None private=True
voice-note-app	npm	2026-09-22	False	name=voice-note-app v=1.0.0 private=True
voice-reflex-gate	pypi	2026-08-13	True	name=voice-reflex-gate v=0.1.0
voxel-logic	npm	2026-08-21	True	name=@superinstance/voxel-logic v=1.0.0 private=False
wal-journal	crates.io	2026-07-12	True	name=wal-journal license=MIT desc=yes
warp	crates.io	2026-07-12	False	name=None license=None desc=NO
warp-flux-poc	crates.io	2026-07-12	False	name=warp-flux-poc license=None desc=yes
warp-ternary-vote	crates.io	2026-07-12	True	name=warp-ternary-vote license=Apache-2.0 desc=yes
warp-vote-consensus	crates.io	2026-07-12	True	name=warp-vote-consensus license=Apache-2.0 desc=yes
wasm-verify	crates.io	2026-07-12	True	name=wasm-verify license=MIT desc=yes
wasserstein-agents	crates.io	2026-07-12	True	name=wasserstein-agents license=MIT desc=yes
wasserstein-agents-rs	crates.io	2026-07-12	True	name=wasserstein-agents license=MIT desc=yes
wasserstein-narrative	npm	2026-07-12	True	name=wasserstein-narrative v=1.0.0 private=False
wave-conservation	crates.io	2026-06-09	True	name=wave-conservation license=MIT desc=yes
wavelet-core	crates.io	2026-07-12	True	name=wavelet-core license=MIT OR Apache-2.0 desc=yes
webgpu-profiler	npm	2026-09-21	True	name=browser-gpu-profiler v=1.0.0 private=False
wesley-cns-adapter	pypi	2026-08-18	True	name=wesley-cns-adapter v=0.1.0
west-african-math-rs	crates.io	2026-07-12	False	name=west-african-math license=None desc=NO
whisper-sync	crates.io	2026-07-12	True	name=whisper-sync license=MIT desc=yes
whistle	pypi	2026-07-20	True	name=whistle-dsl v=0.1.0
wire-harmony	crates.io	2026-07-12	True	name=wire-harmony license=MIT desc=yes
witness-complex	crates.io	2026-07-12	True	name=witness-complex license=MIT desc=yes
witness-is-prediction	npm	2026-09-22	True	name=@superinstance/witness-is-prediction v=0.1.0 private=False
witness-topology	crates.io	2026-07-12	True	name=witness-topology license=MIT desc=yes
witness-topology-rs	crates.io	2026-07-12	True	name=witness-topology-rs license=MIT desc=yes
workers-rs	crates.io	2026-06-08	False	name=None license=None desc=NO
workers-rs	npm	2026-06-08	True	name=workers-rs v=0.0.12 private=False
ws-status-indicator	npm	2026-07-12	True	name=@ws-fabric/status-indicator v=1.0.0 private=False
yiluodi	npm	2026-09-27	True	name=yiluodi v=0.1.0 private=False
yoneda	crates.io	2026-07-12	True	name=yoneda license=MIT desc=yes
young-tableau-rs	crates.io	2026-07-12	True	name=young-tableau-rs license=MIT OR Apache-2.0 desc=yes
zero-knowledge	crates.io	2026-07-12	True	name=si-zero-knowledge license=MIT OR Apache-2.0 desc=yes
zeroclaw-arena	pypi	2026-07-12	True	name=zeroclaw v=0.1.0
zhc-chain	crates.io	2026-07-12	False	name=zhc-chain license=None desc=yes
zhc-consensus	crates.io	2026-07-12	True	name=zhc-consensus license=MIT desc=yes
